"snapshot_date","product","segment","app_store_positioning","onboarding","referrals","sharing","streak","streak_repair","challenges","portability","teacher_community_distribution","evidence_level","ethical_muslingo_implication","source_urls","notes"
"2026-09-11","Tarteel","AI Quran memorization","confirmed: Memorize, Recite, Fix Mistakes; AI Quran companion","confirmed: choose memorized range and goals; account supports sync","not_found: no public consumer referral reward located","confirmed: groups and leaderboards support invited collective practice","confirmed: goals, heatmaps and recitation/test activity contribute","confirmed: Premium off-platform session can restore a missed-day streak","confirmed: adaptive tests, Weakest Link, group leaderboards","confirmed: account resyncs progress; no user-facing export/import located","inference: groups enable family/mosque distribution; no teacher dashboard located","mixed","Do not claim superior recognition. Win on diagnosis-to-lesson continuity, meaning and transparent confidence; offer private group migration without importing Tarteel data.","https://apps.apple.com/us/app/tarteel-ai-quran-memorization/id1391009396; https://support.tarteel.ai/en/articles/12414382-groups-and-leaderboards; https://support.tarteel.ai/en/articles/12414408-how-to-add-an-off-platform-session; https://support.tarteel.ai/en/articles/16557351-testing-faqs","Official pages accessed 2026-09-11. Product claims are not independent efficacy validation."
"2026-09-11","Quranly","Quran reading habit","confirmed: habit-building Quran app","confirmed: select daily reading goal and level","not_found: no monetary referral program located","confirmed: invite accepted friends/family, private leaderboard, reminders to read","confirmed: daily streak and weekly tracker","not_found: no official repair/freeze mechanism located","confirmed: reading levels, badges and friends/family competition","not_found: no export/import or cross-app portability located","confirmed: invited private friends/family; no teacher workflow located","mixed","Position Muslingo as the next step after habit formation: reading plus understanding, recitation practice and assigned review. Preserve private accountability and avoid public piety rankings.","https://www.quranly.app/; https://www.quranly.app/blog/quranly-everything-you-need-to-know; https://apps.apple.com/us/app/quran-by-quranly/id1559233786","Official site and App Store accessed 2026-09-11."
"2026-09-11","HIFZ","Quran memorization","confirmed: guided Hifz companion with Sabaq, Sabqi and Manzil","confirmed: guest can begin Al-Fatihah or chosen surah; optional account sync","not_found","not_found: no social sharing flow located","inference: scheduled daily review supports routine; no explicit public streak mechanic located","not_found","confirmed: listen, read, repeat, recall and scheduled practice","confirmed: guest progress stays on device and account syncs across devices; no file export located","confirmed: official guidance recommends pairing with a qualified teacher or Hifz circle; no built-in teacher dashboard located","mixed","Match the low-friction guest start, then differentiate with a cross-track learning profile and explicit teacher escalation for uncertain recitation feedback.","https://gethifz.com/; https://gethifz.com/support","Official site accessed 2026-09-11."
"2026-09-11","Sadr","Free Quran memorization with SRS and voice","confirmed: free, ad-free Quran memorization with SRS, voice recognition and personalized path","confirmed: initial test claims to assess Arabic and memory level","not_found: no tracked referral reward located","confirmed: official support page asks users to share with family, friends and mosque; WhatsApp share","not_found: no explicit streak mechanic located","not_found","inference: scheduled Sabaq/Sabqi/Manzil reviews function as recurring challenge","not_found: account is required for most features; no export/import located","inference: mosque sharing is encouraged; no teacher console located","mixed","Compete on evidence and trust, not price. Muslingo should disclose what speech scoring can and cannot assess, and add an accountable teacher-review lane.","https://sadr.app/?lang=en; https://sadr.app/support-us; https://sadr.app/terms","Official site accessed 2026-09-11."
"2026-09-11","Mualim","Quran memorization","confirmed: memorization assistant with verse mismatch detection","confirmed: learner selects Quran material and method","not_found","not_found","not_found","not_found","confirmed: structured revision and tests","not_found","confirmed: official positioning says the tool does not assess tajwid/pronunciation and should complement learning; no embedded teacher marketplace located","mixed","Use similarly honest limits, but make Muslingo's handoff actionable: save the uncertain attempt, learner consent, teacher rubric and returned correction.","https://mualim-app.com/en","Official site accessed 2026-09-11."
"2026-09-11","Naml","Parent-led child Hifz","confirmed: parent's companion for memorizing Quran with children","confirmed: add child, age and current memorization point in about two minutes; guest practice before account","not_found","not_found: certificates may be shared but a built-in share flow was not located","inference: five-minute daily sessions and scheduled cooldowns support continuity; no streak counter located","not_found","confirmed: jigsaw progress map, star mastery levels, parent-led exams","confirmed: per-child progress sync after account creation; no export/import located","confirmed: parent dashboard, multiple child profiles and schools contact","mixed","For minors, copy the role separation, not the artwork: parent-owned consent, private progress, no public ranking, and clear account-after-value onboarding.","https://naml-app.com/en; https://naml-app.com/en/pricing","Official site accessed 2026-09-11."
"2026-09-11","TajweedMate","AI tajwid practice","confirmed: AI-assisted pronunciation/tajwid feedback positioned as practice, not teacher replacement","confirmed: learner starts with letters or a tajwid topic","not_found","not_found","not_found","not_found","inference: repeat-until-improved exercises; no published social challenge located","not_found","confirmed: privacy language frames product as support rather than teacher replacement; no human-review workflow located","mixed","Muslingo can win through calibrated feedback: listen-first, confidence labels, retry after success, exact scope of automated checks and escalation to a person.","https://tajweedmate.com/; https://tajweedmate.com/privacy.html","Official site and privacy page accessed 2026-09-11."
"2026-09-11","Learn Quran Tajwid","Scholar-certified tajwid curriculum","confirmed: Scholar-Certified App for Learning Tajweed Easily, Used by Millions Worldwide","confirmed: placement test, beginner-to-advanced curriculum and bookmarks","not_found","confirmed: store pages provide standard app sharing; no progress-sharing mechanism located","not_found","not_found","confirmed: auto-evaluated tests and progress tracking","not_found: no user-content export/import located","confirmed: designed for self-study or use with a teacher; content claims scholar verification","mixed","Do not compete with unverified superlatives. Show Muslingo's source review, diagnostic result, lesson rationale and measurable delayed mastery in-product.","https://play.google.com/store/apps/details?id=com.bi.learnquran; https://tajwid.learn-quran.co/; https://tajwid.learn-quran.co/id/faq/","Official Google Play and site pages accessed 2026-09-11."
"2026-09-11","Muslim Pro","Islamic superapp","confirmed: ultimate Quran and prayer companion; comprehensive Islamic needs","confirmed: Today page, feature customization and account-gated social/reward actions","not_found: invite friends exists for community but no verified paid referral reward located","confirmed: share/repost/download daily inspiration and community posts; invite via email or text","confirmed: Deen journey check-in tracks Quran/prayer activity","not_found: no formal streak repair located","confirmed: Quests and Stars with daily check-in and redeemable rewards","confirmed: account continuity for reading/listening position; no general export/import located","confirmed: Ummah community and Academy courses; public UGC moderation rules","mixed","Do not become a superapp. Position Muslingo as the focused learning layer: one daily decision, one lesson, one next review. Let utilities remain integrations or deep links.","https://apps.apple.com/us/app/muslim-pro-quran-athan/id388389451; https://support.muslimpro.com/hc/en-us/articles/49726715851545-Guide-to-the-Updated-and-Enhanced-App; https://support.muslimpro.com/help/en/articles/community-ummah-pro; https://support.muslimpro.com/help/en/articles/quest-and-stars","Official App Store and help center accessed 2026-09-11."
"2026-09-11","Sajda","Islamic superapp and academy","confirmed: daily Islamic utilities plus Academy","inference: utility-first home with program/course entry; no placement flow located","not_found","not_found: exact current sharing mechanics were not documented on accessible official pages","inference: recurring daily use; exact streak logic not confirmed","not_found","inference: Academy programs; exact challenge rules not confirmed","not_found","confirmed: Academy/content ecosystem; teacher/community workflow details not found","limited","Differentiate by focus and evidence. Muslingo should not duplicate prayer, qibla and generic content feeds; it should turn the learner's current weakness into today's lesson.","https://sajda.com/","Official site accessed 2026-09-11; detailed help documentation was limited."
"2026-09-11","Quran Majeed by IRD Foundation","Quran reader and study","confirmed: Quran reading, understanding, listening and memorization tools","confirmed: immediate reader and beginner-friendly Qaida; no formal diagnostic located","not_found","confirmed: ayah copy/share and share screenshots","not_found","not_found","confirmed: memorization planning and repeat tools","confirmed: bookmarks across devices; memorization progress included in export/import and remote sync","not_found: no teacher/community layer located","mixed","Offer a respectful import for user-owned Quran progress where formats are documented, with preview and consent. Never scrape another app's private store.","https://play.google.com/store/apps/details?id=com.ihadis.quran","Official Google Play page accessed 2026-09-11."
"2026-09-11","Quran.com / Quran Foundation","Connected Quran ecosystem","confirmed: trusted Quran reading and connected apps ecosystem","confirmed: hosted Quran Foundation account can provide SSO and continuity","not_found: no consumer referral reward located","confirmed: connected apps and share-capable Quran experiences","confirmed: User APIs include goals, reading sessions, activity days and streaks","not_found: repair behavior not established in reviewed docs","confirmed: rooms/posts exist in User APIs; specific consumer challenge UX varies by connected app","confirmed: OAuth2/OIDC can sync bookmarks, collections, notes, reading progress, goals, preferences and streaks across approved apps","confirmed: curated Connected Apps program and builder network; no teacher-review service implied","confirmed","This is the strongest ethical switching route: apply for Connected Apps, use Authorization Code with PKCE and request only needed scopes. Continuity replaces coercive migration.","https://quran.com/apps; https://api-docs.quran.com/docs/connected-apps/; https://api-docs.quran.com/docs/tutorials/oidc/mobile-apps/; https://api-docs.quran.com/docs/category/user-related-apis-1.0.0/","Official Quran Foundation pages accessed 2026-09-11; integration remains subject to approval and current terms."
"2026-09-11","Quranic","Quranic Arabic learning","confirmed: fun interactive Quranic Arabic and Islam learning","confirmed: starts with frequent vocabulary and story-based lessons; no formal placement located","not_found","not_found","not_found","not_found","confirmed: customized quizzes and spaced repetition are described in official product materials","not_found","not_found: no teacher dashboard located","mixed","Position Muslingo beyond vocabulary acquisition: diagnose reading, pronunciation, meaning and memory together, then prove the selected next action.","https://www.getquranic.com/learners/; https://www.getquranic.com/pricing/; https://play.google.com/store/apps/details?id=com.pnw.quranic.quranicandroid","Official product and Google Play pages accessed 2026-09-11."
"2026-09-11","AlifBee","Arabic learning and virtual school","confirmed: structured Arabic from beginner to advanced","confirmed: smart placement test and level path","not_found","not_found","inference: personalized review supports habit; exact streak mechanics not located","not_found","confirmed: quizzes, spaced review and certificates","not_found: no learner data import/export located","confirmed: Virtual School, live placement and graded teacher feedback","mixed","Borrow the clear placement-to-level handoff, while differentiating with Quran-specific meaning, recitation scope and RU/KZ localization.","https://www.alifbee.com/en; https://help.alifbee.com/hc/en-us/articles/9421698273821--Placement-test; https://store.alifbee.com/products/alifbee-premium","Official site, help and store pages accessed 2026-09-11."
"2026-09-11","Arabic101 Academy","Arabic, Quranic Arabic and tajwid","confirmed: free structured self-study plus guided/live plans","confirmed: course/level selection; live track personalized","not_found","not_found","not_found","not_found","confirmed: periodic quizzes/exams in guided plans","not_found","confirmed: teacher dashboard, recorded sessions, reports, supervised communication and academic standards","mixed","Build teacher distribution as a controlled institution surface, not open messaging: assignments, rubrics, consented audio, reports and auditable access.","https://academy.arabic101.org/courses/; https://arabic101.org/aca/getting-started/; https://arabic101.org/aca/faq-teaching/","Official academy pages accessed 2026-09-11."
"2026-09-11","Arabic Unlocked","Quranic Arabic app and academy","confirmed: gamified Quranic Arabic plus Academy/live classes","confirmed: app starts from letters or chosen learning track","not_found","not_found","inference: smart tracking and spaced practice; explicit streak rules not located","not_found","confirmed: games and Academy pathways","not_found","confirmed: Academy adds live teacher-led study","mixed","Muslingo should keep the game layer subordinate to mastery and use one profile across reading, vocabulary, ayah meaning and recitation.","https://arabicunlocked.com/; https://arabicunlocked.com/academy/; https://arabicunlocked.com/terms/","Official site accessed 2026-09-11."
"2026-09-11","AMAU Academy","Islamic studies and Arabic academy","confirmed: structured authentic Islamic learning academy","confirmed: select program and use student dashboard","confirmed: Refer a Friend gives 30 subscription days after first paid invoice; unlimited; website subscriptions only","confirmed: personal referral link can be shared by WhatsApp, Telegram, social or email","not_found","not_found","confirmed: structured programs and assessments; no app-style challenge mechanic located","not_found","confirmed: named instructors, student dashboards and guided programs","confirmed","A referral can reward access, never imply spiritual merit. For Muslingo, grant learning time or teacher-review credits only after genuine activation, with fraud controls and clear terms.","https://www.amauacademy.com/; https://helpdesk.amauacademy.com/articles/gift-sharing-and-family-use/refer-and-win/","Official site and help center accessed 2026-09-11."
"2026-09-11","SeekersGuidance Academy","Free Islamic studies academy","confirmed: reliable Islamic learning without barriers","confirmed: learner selects level/track and prerequisites","not_found","confirmed: public educational resources can be shared; no in-product progress sharing located","not_found","not_found","confirmed: course progression and assessments; no gamified challenge located","not_found","confirmed: qualified scholars, live sessions, mentorship and community centers","mixed","Trust can be a distribution moat. Muslingo should publish review ownership and source provenance and partner with scholars/centers instead of presenting AI as religious authority.","https://academy.seekersguidance.org/; https://seekersguidance.org/islamic-scholars-fund/","Official academy and organization pages accessed 2026-09-11."
"2026-09-11","Bayyinah TV","Quranic Arabic and tafsir media","confirmed: Quranic Arabic and tafsir library with named instructor brand","confirmed: learner chooses Arabic or surah/topic path","not_found","not_found","not_found","not_found","confirmed: recommended study paths; no app challenge located","not_found","confirmed: instructor-led courses and live Q&A; no recitation review workflow located","mixed","Avoid competing as another video library. Convert verified explanations into short original, reviewed learning steps tied to the learner's diagnosed gap.","https://www.bayyinahtv.com/index; https://explore.bayyinahtv.com/arabic/; https://bayyinah.com/terms-and-conditions/","Official product and terms pages accessed 2026-09-11."
"2026-09-11","Understand Al Quran Academy","Quranic Arabic, reading and tajwid academy","confirmed: learn to read and understand Quran through staged courses","confirmed: course/path selection; no adaptive diagnostic located","not_found","not_found","not_found","not_found","confirmed: curricular exams, workbooks and teacher training","not_found","confirmed: live madrasah, tutors and teacher-training model","mixed","Use partnerships for reviewed content and teacher pilots; do not treat free-to-view materials as reusable content or imply endorsement without agreement.","https://understandquran.com/; https://understandquran.com/online-madrasah/","Official academy pages accessed 2026-09-11."
"2026-09-11","Quran Revolution","Teacher-led Quran recitation","confirmed: easier Quran learning through teacher feedback","confirmed: teacher/course intake","not_found","not_found","not_found","not_found","confirmed: teacher-assigned practice and review","not_found","confirmed: qualified teacher/TA review, learner submissions and breakout reading","mixed","Teacher review is the trust bridge for AI uncertainty. Muslingo should route only consented attempts with a narrow rubric and a visible response time.","https://easierquran.com/","Official site accessed 2026-09-11."
"2026-09-11","Pillars","Privacy-focused Muslim utility","confirmed: ad-free, privacy-focused Muslim prayer app","confirmed: no account required; notification permission is opt-in during onboarding","not_found","confirmed: standard app/site sharing; no learning-progress sharing","not_found","not_found","not_found","confirmed: local anonymous model; no Quran learning progress to import/export","confirmed: community trust positioning; official FAQ recommends Tarteel instead of duplicating Quran","confirmed","Copy the product discipline: explicitly refuse unrelated superapp scope, keep sensitive defaults local, and recommend/partner where another product is stronger.","https://www.thepillarsapp.com/; https://thepillarsapp.com/privacy; https://thepillarsapp.com/faqs","Official site, privacy and FAQ accessed 2026-09-11."
"2026-09-11","Athan / IslamicFinder","Islamic superapp and community","confirmed: prayer times, Quran, duas and Muslim community","confirmed: some advanced features require signup","not_found","confirmed: Community was launched for global sharing and questions","not_found","not_found","inference: community activity and religious routines; no current challenge rules confirmed","not_found","confirmed: public Muslim community; current teacher workflow not located","mixed","Open community is not Muslingo's near-term wedge. Prefer private teacher/family groups, age gates, reporting, moderation and no exposure of private religious activity.","https://www.islamicfinder.org/news/how-athan-is-changing-the-way-muslims-connect/; https://www.islamicfinder.org/privacypolicy/","Official IslamicFinder pages accessed 2026-09-11; community article is older and current implementation should be rechecked before launch decisions."
"2026-09-11","Duolingo","Gamified language learning benchmark","confirmed: short, fun daily language lessons","confirmed: goal/course start and personalized path; placement varies by course","not_found: no universal cash referral located in reviewed official pages","confirmed: friends, cheers, Friend Streaks and family plan invites","confirmed: personal and Friend Streaks","confirmed: Streak Freeze protects missed days","confirmed: weekly Friends Quests, monthly quests and leaderboards","not_found: no general course-progress import/export located","confirmed: friends/social layer; no human teacher in core consumer product","confirmed","Use tiny daily commitments, milestone emotion and private accountability, but replace loss pressure with compassionate recovery tasks and learning quality gates.","https://blog.duolingo.com/friends-social-features/; https://blog.duolingo.com/tips-for-maintaining-streak/; https://blog.duolingo.com/putting-in-work-the-habit-of-language-learning/","Official Duolingo blog pages accessed 2026-09-11."
"2026-09-11","Busuu","Language learning and community corrections","confirmed: language courses with community feedback","confirmed: placement exists for selected languages; Arabic support differs","not_found","confirmed: audio/written exercises can be sent to fluent-speaker community; friends can be notified","confirmed: daily streak","confirmed: two weekly shields earned through lessons/review; Premium Plus repair once per 30 days","confirmed: weekly community challenges on supported platforms","not_found: no broad progress import/export located","confirmed: community corrections and best-correction feedback","confirmed","Adopt earned recovery, not paid guilt: a missed day can be repaired by completing a review of weak material. Keep recitation audio private unless explicitly shared.","https://help.busuu.com/hc/fr/articles/16722928943377-Comment-envoyer-mes-exercices-%C3%A0-la-communaut%C3%A9; https://help.busuu.com/hc/de/articles/16498048476305-Was-ist-ein-Schutzschild-und-wie-kann-ich-es-nutzen","Official Busuu help pages accessed 2026-09-11."
"2026-09-11","Memrise","Language learning benchmark","confirmed: practical language and spaced review","confirmed: goal/experience choice","not_found","not_found","confirmed: per-course daily streak after goal completion","not_found: no current official repair mechanism located","not_found: no current official social challenge located","not_found: no general progress export/import located","not_found: current core product has no routine teacher layer","mixed","A simple daily-goal streak is easy to understand, but Muslingo must tie it to a meaningful learning action rather than raw app opening or XP.","https://www.memrise.com/about; https://memrise.zendesk.com/hc/en-us/articles/360015973598-What-are-Streaks-and-how-do-they-work; https://www.memrise.com/privacy","Official product, help and privacy pages accessed 2026-09-11."
"2026-09-11","Quizlet","Study tools and classroom benchmark","confirmed: flashcards, Learn and Test for students and teachers","confirmed: learner joins by set/class or creates content","not_found","confirmed: share sets/folders by link, email and classroom integrations","not_found","not_found","confirmed: teacher assignments, Learn/Test and class progress","confirmed: user-created sets can be exported","confirmed: teacher-owned classes, notifications, assignments and downloadable score reports","confirmed","Support portability only for learner-owned or licensed material. A future Muslingo teacher export should contain progress and rubric results, not copyrighted Quran explanations from others.","https://help.quizlet.com/hc/en-us/sections/360005877232-Accessing-and-sharing; https://help.quizlet.com/hc/en-au/articles/360035357412-Adding-sets-to-a-class","Official Quizlet help center accessed 2026-09-11."
"2026-09-11","Anki","Spaced-repetition and portability benchmark","confirmed: flexible memory system with configurable scheduling","confirmed: learner imports/creates decks; no guided curriculum onboarding","not_found","confirmed: deck packages can be shared outside the product","not_found","not_found","not_found: no native social challenge","confirmed: text, deck and collection import/export with media options","not_found: no built-in teacher/community layer","confirmed","Make the learner model exportable in a documented, human-readable format, while preventing imports from granting XP or bypassing mastery validation.","https://docs.ankiweb.net/importing/intro.html; https://docs.ankiweb.net/exporting.html; https://docs.ankiweb.net/deck-options.html","Official Anki manual accessed 2026-09-11."
"2026-09-11","LingQ","Content-immersion language learning","confirmed: learn through personally interesting real content","confirmed: choose language and level during signup","confirmed: referral username/coupon field is present at signup","confirmed: imported lessons and community/tutor interactions can be shared under controls","inference: tracked words and activity support continuity; explicit streak rule not located","not_found","confirmed: lessons, community conversations and tutor practice","confirmed: user may import owned/authorized content and sync activity across devices","confirmed: tutors, corrections, forums and school/group distribution","mixed","User-owned import can increase commitment, but Muslingo should accept only permitted text/audio and never convert copyrighted third-party Quran lessons without rights.","https://www.lingq.com/; https://www.lingq.com/en/accounts/new/; https://www.lingq.com/en/schools/","Official LingQ pages accessed 2026-09-11."
"2026-09-11","Khan Academy","Mastery and teacher distribution benchmark","confirmed: free mastery learning","confirmed: course/challenge entry and teacher assignment","not_found","confirmed: teachers distribute assignments and may connect classroom rosters","not_found","not_found","confirmed: mastery goals and assignments","confirmed: teachers can download assignment scores as CSV; Google Classroom roster import supported","confirmed: teacher dashboard covers activity, mastery, scores, responses and completion","confirmed","Build an institution dashboard around actionable gaps, not vanity XP: due reviews, recurring errors, completion, consent status and teacher-reviewed outcomes.","https://support.khanacademy.org/hc/en-us/articles/360031129891-What-reporting-options-are-available-on-Khan-Academy-for-teachers-to-track-student-performance; https://support.khanacademy.org/hc/en-us/articles/115002552631-How-does-Khan-Academy-s-Mastery-system-work","Official Khan Academy help center accessed 2026-09-11."
