snapshot_date,product,segment,free_tier,monthly_price,annual_price,lifetime_or_one_time,family,trial,scholarship_or_gifting,institutional,renewal_and_cancel,price_scope,evidence_status,source_urls,notes
2026-09-11,Tarteel AI,AI Quran memorization,"Free reader, follow-along, voice search, goals and streaks",USD 7.50 equivalent when billed annually; separate monthly offer exists,USD 90 implied by published annual billing,not_found,"Family USD 156/year, 5 accounts total",Free trial advertised; duration not consistently exposed on reviewed pricing page,Gift cards and Alim access program documented,not_found,Auto-renews; cancellation before renewal; family is web-only and annual,"Official web, USD; store prices may differ",confirmed,https://tarteel.ai/en/pricing | https://tarteel.ai/en/family | https://support.tarteel.ai/en/collections/15105269-subscriptions-and-billing,AI mistake detection and advanced analytics are the primary paywall.
2026-09-11,Quranly,Quran reading habit,Free download and core reading habit features,USD 4.99,USD 29.99,USD 79.99 or USD 199.99 storefront variants,Friends and family accountability exists; paid family bundle not found,not_found,not_found,not_found,App Store-managed auto-renewal,US App Store snapshot,confirmed_with_regional_variation,https://apps.apple.com/us/app/quran-by-quranly/id1559233786 | https://www.quranly.app/,Multiple lifetime SKUs indicate offer variation; do not treat one amount as universal.
2026-09-11,Quranic,Quranic Arabic microlearning,One lesson every 12 hours; unlimited timed quizzes,not_found,Premium USD 49/year,not_found,"Family USD 99/year, up to 4 additional members",No time-limited trial found; app can be explored free,Gift and donated subscription flow advertised,"Custom school, masjid and organization package",Recurring billing terms published,"Official web, USD",confirmed,https://www.getquranic.com/pricing/ | https://www.getquranic.com/terms/,Family also adds offline lessons; free timers are a deliberate conversion gate.
2026-09-11,Sabinoor,Gamified Quran and Islamic learning,Full curriculum free with ads and energy limits,Plus USD 13.99; Al-Ihsan USD 29.99,Plus USD 84.99; Al-Ihsan USD 169.99,not_found,Plus Family USD 119.99/year; Al-Ihsan Family USD 239.99/year; six learners total,7 days on all paid plans,not_found,not_found,Cancel anytime language published,"Official web, USD",confirmed,https://www.sabinoor.com/,AI Tajweed coaching sits in the highest tier; published validation evidence was not found.
2026-09-11,Naml,Family Quran memorization,All currently published Juz 30 content free; one child profile,EUR 6.99,EUR 69.90,not_found,Up to 3 child profiles,not_found,not_found,School contact exists; price not found,Recurring subscription; cancellation detail not found,"Official web, EUR",confirmed,https://naml-app.com/en | https://naml-app.com/en/pricing,"Family value is parent controls and profiles, not AI scoring."
2026-09-11,HIFZ,Structured hifz companion,Guest/local progress and account sync are described,not_found,not_found,not_found,not_found,not_found,not_found,not_found,not_found,Official site/help,not_found,https://gethifz.com/ | https://gethifz.com/support,Public packaging is not transparent enough for a reliable price comparison.
2026-09-11,HifzAI by NxGenZ,AI memorization companion,5 minutes per day,USD 6 Basic; USD 12 Standard; USD 19 Pro,Yearly offers published; current totals vary by selected plan,not_found,not_found,not_found,not_found,not_found,Recurring plan controls not fully found,"Official web, USD",confirmed_with_gaps,https://hifzai.org/ | https://hifzai.org/privacy,Tiering is based mainly on daily AI usage and analytics.
2026-09-11,Hifz Musaa'id,Hifz scheduling and review,All features free through 2026-12-31; Basic remains free after,From 2027 Lite USD 1.99; Pro USD 2.99,not_found,not_found,not_found,Current free period functions as an extended launch offer,not_found,not_found,not_found,"Official web, USD; future pricing",confirmed,https://www.hifzmusaaid.com/ | https://apps.apple.com/us/app/hifz-musaaid-memorize-quran/id6767211882,"Future price is announced, not yet charged at snapshot date."
2026-09-11,Itqan Ayah,Quran memorization testing,First quiz without signup,Price not publicly exposed,Price not publicly exposed,not_found,not_found,3-day Premium trial,not_found,not_found,Store-managed subscription,Saudi App Store listing; numeric offer not found,confirmed_with_gaps,https://apps.apple.com/sa/app/itqan-ayah-quran-memorization/id6468956692,"Retries, planner, SRS and analytics are Premium."
2026-09-11,TajweedMate,Offline AI Tajweed practice,Free download; main learning flow available,not_found,not_found,Kids Theme USD 2.99,No multi-profile family plan found,not_found,Tips supported,not_found,One-time in-app purchase and tips,US App Store snapshot,confirmed_with_gaps,https://apps.apple.com/us/app/tajweedmate/id1547696689 | https://tajweedmate.com/,Offline speech analysis and no-data-collection claim differentiate the offer.
2026-09-11,Learn Quran Tajwid,Tajweed curriculum and practice,Free download with limited lesson access,Pro+ variants USD 5.99-9.90,Pro USD 34.99; Pro+ USD 30.99 storefront variants,Lifetime Pro USD 48.99; Pro+ USD 67,No family plan found,Some monthly offers include 3 free days,not_found,not_found,Auto-renews unless canceled; unused trial ends on purchase,US App Store snapshot; multiple legacy/promotional SKUs,confirmed_with_regional_variation,https://apps.apple.com/us/app/learn-quran-tajwid/id960134803 | https://tajwid.learn-quran.co/terms-of-use/,Pricing is difficult to summarize because multiple overlapping SKUs remain visible.
2026-09-11,Sadr,AI Quran memorization,Free download,not_found,not_found,not_found,not_found,not_found,not_found,not_found,not_found,Official site and US App Store,not_found,https://sadr.app/ | https://apps.apple.com/us/app/sadr-quran-memorization/id6762648928,No stable public price or quota was found.
2026-09-11,Mualim,AI Quran recitation tracking,Free download; offer varies by platform,not_found,not_found,not_found,not_found,not_found,not_found,not_found,Store-managed if purchased,Official site and US App Store,mixed,https://mualim-app.com/en | https://apps.apple.com/us/app/mualim-master-the-quran/id6471001108,Exact current public price is not stable across accessible surfaces.
2026-09-11,Quran Companion,Quran memorization and social motivation,Free install,not_found,not_found,not_found,not_found,not_found,not_found,not_found,not_found,Official store listings,not_found,https://apps.apple.com/us/app/quran-companion-memorize-quran/id1111843462 | https://play.google.com/store/apps/details?id=com.qurancompanion.app,Paid boundary was not found in public listing data.
2026-09-11,iman.app,Quran memorization cycles,Full Quran and five cycles free,Numeric price not visible in reviewed table,Numeric price not visible in reviewed table,not_found,Family supports up to 6,not_found,not_found,not_found,Subscription management described on pricing surface,Official web,confirmed_with_gaps,https://iman.app/ | https://iman.app/pricing,"Premium adds reciters, speeds, repeat, reminders and analytics; amount remains not_found."
2026-09-11,Muslim Pro,Islamic superapp,Free with advertising and limited premium tools,USD 12.99,USD 34.99,not_found,No current consumer family bundle confirmed,not_found,Gift or scholarship not found,Academy and partner courses have separate offers,Auto-renews; managed in Apple account,US App Store snapshot,confirmed,https://apps.apple.com/us/app/muslim-pro-quran-athan/id388389451 | https://www.muslimpro.com/academy-islamic-courses/,"Premium bundles ad removal, offline Quran/audio, widgets and lessons."
2026-09-11,Sajda,Islamic superapp and Academy,Core app free and ad-free; Sajda+ exists,Regional amount not found,Regional amount not found,not_found,not_found,not_found,not_found,not_found,Store-managed subscription,Official site; amount localized or in-app,confirmed_with_gaps,https://sajda.com/en | https://sajda.com/en/privacy,Packaging is clear at feature level but not comparable by one public global price.
2026-09-11,Quran Majeed,Quran reader and Islamic utility,Free with advertising and in-app purchases,USD 0.99-1.99 storefront variants,USD 29.99,Full Upgrade USD 49.99,not_found,not_found,not_found,not_found,Store-managed auto-renewal,US App Store snapshot,confirmed_with_regional_variation,https://apps.apple.com/us/app/quran-majeed-%D8%A7%D9%84%D9%82%D8%B1%D8%A7%D9%86-%D8%A7%D9%84%D9%83%D8%B1%D9%8A%D9%85/id365557665,Many legacy SKUs and free audio packs make the offer harder to parse.
2026-09-11,Quran.com,"Quran reader, audio and study",Free,not_applicable,not_applicable,not_applicable,not_found,not applicable,Donations support the nonprofit ecosystem,Connected Apps supports partner integrations,not applicable,Official nonprofit product,confirmed,https://quran.com/ | https://quran.com/privacy | https://api-docs.quran.com/,Free trusted infrastructure raises the bar for charging for basic reader functionality.
2026-09-11,Athan by IslamicFinder,Prayer and Islamic superapp,Free with advertising,Numeric price not reliably exposed,Numeric price not reliably exposed,not_found,not_found,not_found,not_found,not_found,Store-managed if purchased,Official App Store/help surface,confirmed_with_gaps,https://apps.apple.com/us/app/athan-prayer-times-al-quran/id505858403 | https://www.islamicfinder.org/,Ad removal and premium utility bundle are visible; one stable public price was not found.
2026-09-11,Pillars,Privacy-first prayer utility,Free ad-free core; optional supporter subscriptions,USD 11.99,USD 49.99,not_applicable,USD 87.90 family offer shown in US App Store in-app purchases,not applicable,Donation support,not_found,App Store subscription terms apply,Official site plus US App Store,confirmed,https://www.thepillarsapp.com/ | https://www.thepillarsapp.com/faqs | https://apps.apple.com/us/app/pillars-prayer-times-qibla/id1559086853,Shows that essential Muslim utilities can win trust without ads or account pressure.
2026-09-11,Miraj Stories,Islamic kids stories and learning,Limited discovery before subscription,Price localized and not publicly stable,Price localized and not publicly stable,not_found,"One household subscription, up to 4 devices",7-day annual-plan trial,Gift access not found,Educator and bulk pricing by contact,Recurring plan; cancellation in platform/account,Official site and FAQ,confirmed_with_gaps,https://www.mirajstories.com/ | https://www.mirajstories.com/faq/,Family access is clear; universal numeric price is not.
2026-09-11,Muslim Kids TV,Islamic kids streaming and learning,Trial access,USD 9.99,USD 79.99,not_found,One subscription covers household viewing; profile count not found on reviewed page,"Free trial, duration not stated on pricing help page",not_found,School offering exists,Cancel anytime,"Official help center, USD; regional variation stated",confirmed,https://help.muslimkids.tv/hc/en-us/articles/35566460267668-Plans-and-Pricing | https://www.muslimkids.tv/,Simple two-plan packaging is easier to understand than multi-SKU app stores.
2026-09-11,Durioo+,Islamic kids streaming,Selected shows free without card,USD 17.99 on global pricing; regional campaigns show other amounts,USD 169.99 global; regional campaign amounts differ,not_found,"Family profiles included, generally up to 5",14-day trial appears on some campaign pages; global pricing page does not state it,not_found,not_found,Recurring billing; cancel anytime,"Official pages, strongly region/campaign dependent",confirmed_with_regional_variation,https://duriooplus.com/pricing | https://join.duriooplus.com/ | https://join.duriooplus.com/safescreentime/,"Simultaneous official offers vary materially, so checkout region is authoritative."
2026-09-11,Quran Era,Gamified Quran reading for children,Limited free access described,Numeric amount varies by plan and region,Numeric amount varies by plan and region,not_found,Family and school plans published,Trial or free sample exists; exact term not consistently found,not_found,School plan and live classes,Terms vary by selected plan,Official web,confirmed_with_gaps,https://quranera.com/pricing.html | https://quranera.com/FAQ.html | https://quranera.com/live-classes.html,The offer spans self-paced software and live teacher services.
2026-09-11,Noor Kids,Islamic character education for children,Free samples/content exist,Current amount not reliably exposed in reviewed help page,Current amount not reliably exposed in reviewed help page,not_found,Household subscription content,not_found,Gift products exist,School/educator resources exist,Plan terms on checkout/help center,Official site/help,confirmed_with_gaps,https://help.noorkids.com/support/solutions/articles/13000117713-subscription-plans-pricing | https://noorkids.com/,Physical/digital product mix makes direct app-only comparison misleading.
2026-09-11,AlifBee,Modern Standard Arabic learning,About 20% of lessons free; 20 lessons in first level,From AED 19 across weekly-to-annual store products; exact monthly SKU varies,Exact current annual amount requires selected offer/region,Gift codes; Kids includes lifetime variants,No general family plan confirmed; Kids supports multiple child profiles in separate product,Free lesson access rather than a single time-limited trial,Gift codes supported,School licenses from AED 560,Store/platform managed,"Official web/store, AED and regional variation",confirmed_with_regional_variation,https://www.alifbee.com/en/price-page | https://store.alifbee.com/collections/alifbee-premium-subscriptions,Premium includes smart review and one 30-minute tutoring session.
2026-09-11,Duolingo,General language and gamified learning,Broad free path with ads and Energy/Hearts limits,Super USD 9.99 or USD 12.99 storefront variants,Super USD 79.99-119.99 storefront variants,not_found,Family variants exist; price varies by storefront,14-day Super trial,Gift subscriptions vary by market; scholarship not found,Duolingo for Schools is free,Auto-renews; managed in App Store,US App Store snapshot with multiple SKUs,confirmed_with_regional_variation,https://apps.apple.com/us/app/duolingo-language-lessons/id570060128 | https://blog.duolingo.com/plus-family-plan/,"The free route remains usable, but friction and AI features drive conversion."
2026-09-11,Busuu,General language learning,Meaningful free lessons with ads; full features paid,USD 9.99-23.49 storefront variants,Premium USD 70-138.99; Premium Plus USD 89.99-139.99 variants,not_found,Consumer family plan not confirmed,14-day Premium Plus trial SKU,not_found,Business and education products,Auto-renews; managed in account/store,US App Store snapshot with legacy/promotional SKUs,confirmed_with_regional_variation,https://apps.apple.com/us/app/busuu-language-learning-app/id379968583 | https://www.busuu.com/en/terms/,Price ladder is hard to compare without seeing the exact checkout offer.
2026-09-11,Memrise,General language learning,"Limited vocabulary, videos and conversations with ads",USD 24.99,USD 61.99,Lifetime USD 329.99; offer USD 131.99,No current family plan found,not_found,not_found,not_found,Auto-renews; managed in App Store,US App Store snapshot,confirmed_with_regional_variation,https://apps.apple.com/us/app/memrise-language-learning-app/id635966718,Large lifetime discount variants can create anchoring and trust questions.
2026-09-11,Pimsleur,Audio-first language learning,Free lesson/sample,Current offer depends on course and market,Current offer depends on course and market,Lifetime course purchase exists in selected markets,All Access household sharing terms vary,7-day free trial commonly advertised; exact offer must be checked at checkout,Gift subscriptions/courses available in some markets,Enterprise/education contact,Recurring subscription; cancel through purchase channel,"Official pricing/checkout, market dependent",confirmed_with_gaps,https://www.pimsleur.com/ | https://www.pimsleur.com/learn-arabic-modern-standard,Do not compare one course purchase to an all-language subscription as if identical.
