product,category,primary_segment,availability,lesson_loop,lesson_loop_status,motivation,motivation_status,levels_and_path,levels_status,progress,progress_status,sources_and_reliability,sources_status,expert_review,review_status,languages,languages_status,price_snapshot,price_status,principal_gap,muslingo_relevance,source_urls,accessed_date
Sabinoor,Gamified Quran and Hadith,Teens; adults; families,iOS and Android claimed live,"Three-minute daily ladder: Essentials, Hadith, Quran, Quran; recitation practice",confirmed,XP; gems; streaks; freezes; leagues; duels; companions; cosmetic skins,confirmed,60-second placement; three difficulty tiers; full Quran and Hadith catalog claimed,confirmed,"Personal streaks, stats, family hub, advanced analytics on paid tier",confirmed,"Mushaf Uthmani, verified translation and Sahih al-Bukhari metadata are claimed; App Store privacy labels report tracking identifiers/diagnostics, third-party advertising and linked audio, email and user ID",conflicting_official_disclosures,Curriculum described as scholar-structured; reviewer identities and workflow not found,inference,English interface; broader language coverage not found,not found,Free curriculum; Plus $13.99/month or $84.99/year; Al-Ihsan $29.99/month or $169.99/year; family plans; 7-day trial,confirmed,"Speech claims include pitch, timing and madd, but public validation and teacher agreement data were not found; privacy marketing requires reconciliation with App Store data labels",Closest direct benchmark for Muslingo daily learning loop; validate rather than copy its AI claims,https://sabinoor.com/ | https://apps.apple.com/us/app/sabinoor/id6765837763,2026-09-11
Irshad,Bite-sized Islamic studies,Adults; new and returning learners,iOS live,"Short structured lessons, quizzes, missed-question review and spaced repetition",confirmed,Daily streak,confirmed,"Subject tracks include fiqh, hadith, aqeedah, seerah, Quranic sciences, usul al-fiqh and history",confirmed,Course completion and error review are described; granular mastery model not found,inference,Listing says material is based on classical Islamic sources; row-level citations not verified,confirmed,Named scholar or review board not found,not found,English,confirmed,Free on the reviewed App Store listing,confirmed,Very small public review base and no transparent source/reviewer workflow,Strong benchmark for low-friction adult foundations and compact lessons,https://apps.apple.com/us/app/irshad-islamic-learning/id6761447206,2026-09-11
LearnDeen,Gamified Islamic quiz,Teens; adults,Google Play live,Five-minute lessons and sourced quiz explanations across seven categories,confirmed,Combo; XP; gems; badges; streak; six ranked leagues; timed lives,confirmed,Category progression and ranked seasons; prerequisite map not found,confirmed,Scores and league progress; durable concept mastery not found,inference,Claims every answer is sourced from Quran and Sunnah,confirmed,Named qualified reviewers and correction workflow not found,not found,English on reviewed listing,confirmed,Free download; precise in-app pricing not found,not found,Quiz-heavy loop can reward recognition and speed more than transfer or application,Benchmark for energetic motivation; Muslingo should tie rewards to delayed mastery,https://play.google.com/store/apps/details?id=com.learndeen.learndeen,2026-09-11
DeenUp,Swipe-based Islamic learning,Teens; adults,iOS claimed live,"Swipe through short lessons, answer quick quizzes and return daily",confirmed,Daily streak and low-friction feed interaction,confirmed,Structured level map not found,not found,Completion and streak implied; detailed learning analytics not found,inference,Claims Quran and authentic Sunnah grounding,confirmed,Claims qualified-scholar review; public reviewer list/workflow not found,confirmed,English; other languages not found,not found,Price not found on reviewed official page,not found,Feed behavior may encourage consumption more than cumulative mastery,"Useful benchmark for discovery, but Muslingo should keep a directed path",https://www.deenup.app/,2026-09-11
Islam IQ,Islamic trivia and challenge,Teens; adults; families; schools,iOS live,"Topic-set practice, challenges and daily quiz",confirmed,Streaks; credits; bonuses; friend/family groups; global leaderboard,confirmed,Topic sets unlock as users grow; explicit prerequisite graph not found,inference,"Questions answered, accuracy, streak and percentile",confirmed,"Claims 4,500+ facts across Quran, Hadith, Seerah and fiqh; source display not confirmed",inference,Named expert review not found,not found,English,confirmed,"Free with in-app purchases; monthly, yearly and lifetime Premium named but exact prices vary by storefront",confirmed,Competitive rank is prominent while source and mastery transparency are weak,"Benchmark for social competition, with caution around religious status signaling",https://apps.apple.com/bz/app/islam-iq-quiz-learn-quran/id6760637065,2026-09-11
muslimquiz,Islamic quiz game,Teens; adults,Android live,"Category quizzes, timed challenge, guess-the-surah audio and daily question",confirmed,Points; high scores; streak; challenges; physical-card scanning,confirmed,12 challenge levels and 15 categories; curriculum sequence not found,confirmed,High score and daily streak; knowledge decay tracking not found,inference,Claims Quran and authentic Sunnah basis,confirmed,Reviewer identities and corrections not found,not found,English; German; French; Turkish,confirmed,Free; ads and in-app purchases; exact pack prices not found,confirmed,Broad recall game without demonstrated explanation depth or transfer assessment,Good benchmark for multilingual quiz variety and hybrid physical/digital packs,https://play.google.com/store/apps/details?id=com.muslimquiz.muslim_quiz_v1,2026-09-11
Salah - Learn How to Pray,Prayer instruction,Beginners; reverts; children; adults,iOS live,"Step-by-step salah and wudu with audio, illustrations, transliteration, translation and autoplay",confirmed,Guided completion; no XP or streak evidenced,not found,Five obligatory prayers; follows Hanafi method; learner chooses pace,confirmed,Progress model not found,not found,Developer discloses Hanafi scope and advises consulting trusted sources and scholars,confirmed,No named expert review found; developer explicitly acknowledges possible mistakes,confirmed,English plus 10 more languages,confirmed,Free; optional one-time Premium for reciters and illustration styles,confirmed,"No retrieval practice, assessment or demonstrated correction loop",Strong transparency benchmark for madhhab scope and humble safety language,https://apps.apple.com/us/app/salah-learn-how-to-pray/id6771000609,2026-09-11
Learn Salah - Prayer Guide,Prayer learning and habit,Beginners; reverts; families; pilgrims,iOS live,"Video/audio walkthroughs, layered Arabic/transliteration/translation, quizzes and offline practice",confirmed,Streak; freeze; Hasanat goal; XP; leagues; friends; badges; seasonal bonuses,confirmed,"Skill path plus salah, wudu, Taraweeh, Hajj and Umrah modules",confirmed,"Heatmap, monthly statistics, strengths/weaknesses and checklist",confirmed,Madhhab/source disclosure was not found on the reviewed listing,not found,Qualified reviewer evidence not found,not found,English,confirmed,Free with in-app purchases; exact price not found,confirmed,Many engagement mechanics surround worship; pedagogical and jurisprudential governance is unclear,"Benchmark for guided ritual learning and offline mode, not for religious authority",https://apps.apple.com/us/app/learn-salah-prayer-guide/id6759625943,2026-09-11
Prayer Teacher,Prayer instruction and tracker,Beginners; Turkish and multilingual users,iOS live,"Step-by-step daily prayers and wudu with audio, visual guidance and adjustable speed",confirmed,Prayer tracker and consistency insights; no game economy evidenced,confirmed,All daily prayers; male/female visual variants; learner-directed,confirmed,"Weekly progress, monthly completion and most consistent prayer",confirmed,Prayer-time source is shown; jurisprudential content sources not detailed,inference,Named scholar/reviewer not found,not found,Turkish; English; French; Arabic,confirmed,Free on reviewed listing,confirmed,Tracks behavior more than learning; no test or correction of understanding,"Benchmark for private, on-device practice records and source transparency",https://apps.apple.com/us/app/prayer-teacher-learn-salah/id6761936320,2026-09-11
SalahMate,Voice-guided prayer learning,New and existing Muslims,iOS live,"Practice and actual-prayer modes with voice recognition, animations, wudu and surah reading",confirmed,Prayer tracking; progress; no robust game loop evidenced,inference,Step-by-step stages and hands-free Jummah mode; formal levels not found,inference,Prayer consistency and lesson progression claimed,confirmed,Verified Quran translation claim appears for khutbah; broader source map not found,inference,Qualified religious review not found,not found,English,confirmed,Free on reviewed listing,confirmed,"High-risk live voice and AI-faith features lack public validation, scope and governance evidence",Useful interaction benchmark; Muslingo needs stricter claim boundaries and privacy detail,https://apps.apple.com/us/app/salahmate/id6754115719,2026-09-11
First Steps in Islam,New-Muslim learning,New Muslims; Islam-curious adults,iOS live,"Daily step-by-step fundamentals, Quran/tafsir, seerah, duas and mentor Q&A",confirmed,Daily guidance; no XP/streak evidenced,inference,Structured beginner journey and 75-chapter seerah,confirmed,Lesson progression implied; mastery analytics not found,inference,Claims trusted and scholarly citations in mentor answers,confirmed,Named expert review and correction process not found,not found,English,confirmed,Free with in-app purchases,confirmed,AI mentor safety and handling of differences of opinion are not publicly detailed,Benchmark for new-Muslim scope and offline essentials,https://apps.apple.com/us/app/first-steps-in-islam/id6760339053,2026-09-11
Qur'an for All,Structured lecture library,Adults; Al-Huda learners,iOS live,"Guided lecture series across Quran, tafsir, hadith, seerah, tajwid and duas",confirmed,Continuation through organized series; no game mechanics evidenced,inference,Structured topic series; adaptive route not found,inference,Playback and series progress implied; granular mastery not found,inference,Published by Al-Huda International and tied to named teaching vision,confirmed,Institutional authorship is clear; row-level review workflow not found,inference,English listing; wider content languages not verified,confirmed,Free,confirmed,Primarily passive audio/lecture consumption rather than active retrieval,"Benchmark for broad, organized trusted content; Muslingo can add active practice",https://apps.apple.com/us/app/quran-for-all/id840190258,2026-09-11
Salam Learn,Gamified Islamic learning,Children and families,Web product,"Short lessons across Quran, dua, pillars, prophets, adab, Arabic and calendar plus games",confirmed,XP; ranks; streak; quizzes; matching and sorting games,confirmed,Named paths with visible lesson counts and difficulty labels,confirmed,Per-path completion and XP displayed,confirmed,Source and authenticity metadata not found on reviewed page,not found,Scholar review not found,not found,English on reviewed page,confirmed,Free/ad-free claim; paid boundary not found,inference,Strong breadth and mechanics but weak public authority/provenance evidence,"Direct UX benchmark for Muslingo foundations, especially path visibility",https://salamgames.com/learn/,2026-09-11
Hakma Taleem,Interactive Islamic learning,Children; families,"Web, iOS and Android claimed","Guided paths with short lessons, activities, questions and rewards",confirmed,Rewards and dedicated quiz companion app,confirmed,Taleem topic paths; detailed level structure not found,inference,Child profiles personalize experience; dashboard depth not found,confirmed,Scholar-reviewed and ad-free claims appear on official site,confirmed,Named reviewers and review workflow not found,not found,Language coverage not found,not found,Free and Premium; exact current price not exposed on public landing page,confirmed,Broad ecosystem but limited public detail on mastery and curriculum depth,"Benchmark for combining stories, Quran, quizzes and path learning",https://hakmakids.com/,2026-09-11
Miyao,Duolingo-style Islam and Quran for kids,Children 7-12; parents,"Pre-launch; App Store launch announced, Android later","Three-to-five-minute lesson queue with info cards, choices, drag/drop, tracing and voice practice; errors loop back",confirmed,XP; coins; badges; streak; friend quiz races,confirmed,"Covers beliefs, pillars, prophets, seerah, duas, Arabic letters and 10 short surahs",confirmed,Mastery-gated lesson completion is claimed; parent reporting not detailed,confirmed,"Claims lesson, story and translation review",confirmed,Scholar identities and process not found,not found,"English launch; Arabic, Turkish and Bahasa on roadmap",confirmed,One-time purchase or subscription claimed; exact amount not found,confirmed,Pre-launch claims lack independent usage evidence and longitudinal mastery proof,Very close child-pedagogy benchmark; Muslingo can differentiate with measured memory and adult path,https://miyaokids.com/,2026-09-11
Nuri,Game-like Islamic learning,Children 5-12; Western Muslim families,Pre-launch/founding-family stage,"Five-minute story, quiz and badge lesson",confirmed,World map; stars; unlocks; streaks; badges,confirmed,"Four worlds: seerah, early Muslims, pillars and duas; 24 launch units claimed",confirmed,Separate child progress and streak profiles,confirmed,Scholar-reviewed claim,confirmed,Qualified reviewers are asserted but identities/workflow not found,confirmed,English,confirmed,First 3 units free; $49.99/year planned; $24.99 founding-family first year; up to 5 profiles,confirmed,Narrow launch content and pre-launch status; no spaced review evidence,Strong benchmark for character-led path and clear five-minute promise,https://learnwithnuri.com/,2026-09-11
NoorTrails,Islamic story edutainment,Children 4-14; parents,Web product claimed,Animated stories followed by quizzes and progression,confirmed,XP; ranks; streaks; parent dashboard,confirmed,"Prophets, Companions and Islamic heroes; exact level map not found",inference,Parent dashboard claimed,confirmed,Claims every story is reviewed by qualified scholars,confirmed,Reviewer identities and correction log not found,not found,Language coverage not found,not found,Price not found,not found,Strong trust language but little public evidence on lesson mechanics and assessment validity,Benchmark for narrative immersion plus parent visibility,https://noor-trails.com/,2026-09-11
Muslim Guard,Islamic family edutainment,Children; families,Android live; iOS announced,"Videos, stories, Quran, games and 1,000+ quizzes",confirmed,30+ games; timed/duel/parent-child quiz modes; rewards,confirmed,Wide topics; sequenced curriculum not found,not found,Scores/rewards implied; mastery tracking not found,inference,Public provenance for quiz items not found,not found,Expert review not found,not found,English and French pages; in-app languages not fully confirmed,inference,Free; no ads; paid boundary not found,confirmed,Content volume is high but directed learning and source governance are unclear,Benchmark for family co-play; Muslingo should prioritize depth over catalog size,https://www.muslim-guard.com/en,2026-09-11
Muslim Kids TV,Islamic media and games,Children; families; schools,"Web, iOS, Android, TV and Chromecast","Large library of videos, games, ebooks and Recitation Buddy",confirmed,Games and entertainment catalog; streak/level system not found,inference,Catalog navigation rather than a single learning path,confirmed,"Viewing/activity progress likely, but learning mastery not publicly detailed",inference,Teacher approval is claimed; item-level sources not found,inference,Teacher-reviewed workflow not publicly detailed,not found,Language coverage not found,not found,14-day trial; $9.99/month or $79.99/year; country variation noted,confirmed,Primarily content subscription; active learning and durable assessment are not central,"Benchmark for family distribution and breadth, not adaptive instruction",https://www.muslimkids.tv/ | https://help.muslimkids.tv/hc/en-us/articles/35566460267668-Plans-and-Pricing,2026-09-11
Miraj Stories,Islamic stories and learning games,Children 4+; families; educators,"Web, iOS and Android claimed","Interactive stories, games, audiobooks and videos",confirmed,Game-based exploration; explicit streak/XP system not found,inference,Library structure; curricular levels not found,not found,Progress features not found in reviewed public pages,not found,Content described as vetted and Islamically appropriate,confirmed,Teacher approval is claimed; named review process not found,inference,English; other languages not found,not found,7-day annual-plan trial; exact public price not found; educator/bulk options,confirmed,"High-quality edutainment, but no demonstrated adaptive path or spaced review",Benchmark for polished child media and school packaging,https://www.mirajstories.com/ | https://www.mirajstories.com/faq/,2026-09-11
Niyyah Kids,Islamic stories and activities,Children 3-10; families,iOS and Android claimed,"Read/listen stories plus puzzles, mini-games and calligraphy",confirmed,Playful activities; no streak/XP evidence,not found,Content library rather than level path,inference,Progress tracking not found,not found,Curated Islamic content claim; explicit source metadata not found,inference,Expert or scholar review not found,not found,English on reviewed site,inference,Free app with premium books by subscription; exact price not found,confirmed,"Gentle experience lacks visible curriculum, assessment and review model","Benchmark for calm, ad-free child experience and screen-time mindfulness",https://www.niyyahkids.com/,2026-09-11
Noor Ul Huda,Islamic quiz and stories,Children and adults,Web/app presence claimed,"Daily quizzes, prophet stories, Quran lessons, duas and salah",confirmed,Stars; badges; leaderboard,confirmed,Topic modules; explicit prerequisites and levels not found,not found,Daily challenge and leaderboard progress; mastery not found,inference,Source metadata not found,not found,Expert review not found,not found,Language coverage not found,not found,Price not found,not found,Feature breadth is clear but public governance and curriculum detail are thin,Benchmark for compact all-in-one interactive module design,https://www.hudalabs.app/,2026-09-11
Deenee,Islamic microlearning for children,Children; parents,Web/app status unclear from stale public page,"Claims 5,000+ micro-lessons, quizzes, stories and audio",confirmed,Quizzes and interactive content; exact rewards not found,inference,Broad catalog; current level map not found,not found,Parent visibility is claimed; detail not found,inference,Source model not found,not found,Expert review not found,not found,Language coverage not found,not found,Price not found,not found,Official page appears stale and current availability could not be confirmed,A cautionary benchmark: catalog-count claims age badly without current product evidence,https://deeneeapp.com/,2026-09-11
DeenDropz,AI-assisted Islamic learning for youth,Children 8-16; adult mode,iOS live,"Daily lessons and quizzes, Quran audio, Arabic tutor and source-citing AI Q&A",confirmed,Streak; XP levels; reminders; score sharing,confirmed,"Age-personalized tracks, Arabic levels and multiple content tracks",confirmed,"Parent reports, profiles and lesson progress",confirmed,Claims Quran and Hadith citations in AI responses,confirmed,Named scholar review not found,not found,English,confirmed,Free on reviewed listing,confirmed,Fast feature expansion and AI answers create governance and child-safety risk without visible review workflow,Benchmark for age modes and parent reports; Muslingo needs stronger safety controls,https://apps.apple.com/my/app/deendropz/id6759574013,2026-09-11
Deenyou,Scholar-reviewed Islamic learning for kids,Children 4-14; parents,Web product; native availability not confirmed,"Five-minute lessons, stories and Echo recitation mode",confirmed,Streak; XP; seasonal events,confirmed,Single guided path claimed; full curriculum map not found,inference,Parent audit trail and progress visibility claimed,confirmed,Claims sourced AI answers and scholar-reviewed lessons,confirmed,Board review is claimed; names/workflow not found,inference,Language coverage not found,not found,Starts free; exact paid pricing not found,confirmed,"Claims about 40,000 families and review rigor were not independently verified",Benchmark for parent-visible AI audit trail and gentle speech feedback,https://deenyou.com/,2026-09-11
Naml,Parent-led Quran memorization,Children; families; schools,Web product; mobile status not confirmed,"Listen, shadow, solo recite and parent-confirmed mastery per ayah",confirmed,Three mastery stars; jigsaw garden; short sessions,confirmed,38 surahs in phase one; parent assigns starting point,confirmed,"Per-child profiles, due review and parent-led exams",confirmed,Quran text and three reciters; edition/source metadata not detailed on landing page,inference,Parent confirms exams; AI oral review explicitly future,confirmed,11 interface languages and RTL,confirmed,"Free for one child and 38 surahs; family paid, exact amount not shown on reviewed English page",confirmed,Child-only phase-one scope and dependence on parent availability,Best benchmark for honest feature boundaries and family-led memory loop,https://naml-app.com/en,2026-09-11
Quran Era,Gamified Quran reading,English-speaking children; families; schools,"Web, iOS and Android","Video lessons, 100+ games, stories and activity books from letters to tajwid",confirmed,Game progression and playful curriculum,confirmed,Step-by-step levels from isolated letters to Mushaf reading,confirmed,Parent/student progression; live-teacher option,confirmed,Source metadata not visible in reviewed FAQ,not found,Live classes use qualified Quran teachers; self-paced content review workflow not detailed,confirmed,English-speaking target,confirmed,$9.99/month; $69.99/year promo; $199 lifetime promo for one child; 7-day trial requires payment details,confirmed,"Strong reading path but meaning, Islamic foundations and adaptive memory are not central","Major benchmark for polished Quran path, school sales and human-teacher upsell",https://quranera.com/FAQ.html | https://quranera.com/pricing.html,2026-09-11
Noor Kids,Story-led Islamic character curriculum,Children 4-9; parents,"Books, digital program and app surfaces",Relatable stories and guided character-building activities,confirmed,Narrative identification and monthly continuity; game economy not central,inference,"Age-adapted curriculum across character, beliefs and global citizenship",confirmed,Program progression implied; granular mastery not found,inference,Institutional curriculum with explicit topic map,confirmed,Educator/editorial involvement is clear; formal scholar review workflow not found,inference,English,confirmed,Membership/program pricing not captured on reviewed pages,not found,"Strong identity learning but limited Quran reading, speech and adaptive review",Benchmark for age-appropriate contemporary scenarios and identity confidence,https://help.noorkids.com/support/solutions/articles/13000116903-character-building-program-curriculum | https://noorkids.com/products/treehouse,2026-09-11
Safar Journey2Jannah,Curriculum-linked gamified learning,Children; parents; madrasahs; schools,Web digital platform plus print ecosystem,"Interactive lessons tied to textbooks, quizzes and teacher-led implementation",confirmed,Gamified rewards and student experience,confirmed,"Age bands 4-6, 7-9, 10-11 and 11+; spiral curriculum",confirmed,Real-time student tracking and teacher tools,confirmed,Five explicit Islamic-studies domains and published curriculum ecosystem,confirmed,"Built with scholars, parents and teachers; teacher training and guides",confirmed,English; wider languages not confirmed,inference,School/home pricing exists; exact current subscription not captured,not found,Less frictionless for an independent adult and tied to a larger curriculum ecosystem,"Best benchmark for governance, spiral learning, classroom implementation and teacher tooling",https://safarpublications.org/ | https://docs.safarpublications.org/,2026-09-11
Yaqeen Curriculum,School Islamic studies curriculum,Middle and high school; educators,Web curriculum,"Teacher-led objectives, lesson plans, presentations, worksheets and assessments",confirmed,Discussion and contemporary relevance rather than game rewards,confirmed,Age-banded units across faith principles and faith in action,confirmed,Unit assessments; student app progress not central,confirmed,Research-driven units with public educational materials,confirmed,Scholar approval and peer review are part of documented workflow,confirmed,English,confirmed,Free access on reviewed curriculum page,confirmed,Not a self-guided daily habit app; requires teacher facilitation,"Gold-standard benchmark for review governance, contemporary questions and correction culture",https://yaqeeninstitute.org/curriculum,2026-09-11
SeekersGuidance Academy,Structured Islamic studies academy,Youth and adults; beginners to advanced,Web live and on-demand,"Lectures, lesson quizzes and finals within qualified-teacher curricula",confirmed,"Cohorts, certificates and teacher interaction; no consumer game economy",confirmed,"Five Islamic-studies levels plus Arabic, Quranic and youth curricula",confirmed,"Lesson/course completion, quizzes and finals",confirmed,Classical-text and curriculum framing is explicit,confirmed,Classically trained scholars and qualified instructors,confirmed,English and Arabic tracks,confirmed,Courses are free; donation-supported,confirmed,High depth and trust but heavier time commitment and weaker daily microlearning,"Benchmark for doctrinal transparency, progression and qualified instruction",https://seekersguidance.org/ | https://academy.seekersguidance.org/?redirect=0&track=odc,2026-09-11
AMAU Academy,Structured Islamic studies academy,Adults; beginners to advanced,Web subscription platform,Self-paced structured courses and learning paths,confirmed,Path clarity and teacher authority; no XP/streak evidence,inference,"Aqeedah, fiqh, tafsir, hadith, Arabic, spirituality, ruqyah and hifz paths",confirmed,Course progress implied; detailed mastery model not found,inference,Authentic Islamic education claim and organized subject structure,confirmed,Qualified teachers are explicitly claimed,confirmed,English; Arabic content/learning present; interface languages not confirmed,inference,Subscription exists; exact current public price not captured,not found,Long-form academy model is less suited to a six-minute daily behavior loop,Benchmark for serious adult path and teacher-led authority,https://helpdesk.amauacademy.com/articles/getting-started-with-amau/what-is-amau-academy/,2026-09-11
Zad Academy,Formal online Islamic curriculum,Adults,Web and TV,"Three daily lectures, five days a week, with weekly/monthly/final exams",confirmed,Fixed semester cadence and graduation; no game economy,confirmed,"Two years, four semesters, seven core subjects",confirmed,Monthly and final exams with passing progression,confirmed,"Quran, Sunnah and declared interpretive framework",confirmed,Institutional faculty and participant follow-up are described,confirmed,Arabic and English sites,confirmed,Free-access mission is described; current fee not found,inference,High commitment and declared theological scope limit mass casual use,"Benchmark for breadth, assessment rigor and declared scope",https://zad-academy.com/en/curriculum,2026-09-11
AlMaghrib Institute,Cohort and on-demand Islamic education,Adults; university-age learners,Web and in-person,"Seminars, recordings, study materials and exams",confirmed,"Community, instructor events and certificates rather than gamification",inference,Large course catalog and All Access program; linear prerequisite map not clear,inference,Course exams use a 70% default pass mark,confirmed,Institutional curriculum and named instructors,confirmed,Qualified instructor model; review pipeline not publicly detailed,inference,English; global delivery,confirmed,Paid courses and All Access; exact current amount varies and was not captured,not found,Course-based engagement is episodic and costly compared with daily app learning,"Benchmark for event energy, instructor brands and cohort community",https://www.almaghrib.org/online/ | https://www.almaghrib.org/allaccess/,2026-09-11
Qalam Institute,Seminary and community education,Children; teens; adults; advanced students,"Web, in-person and recordings","Instructor-led classes, intensives and recorded courses",confirmed,"Community, camps and intensives; no app streak system",inference,"Kids programs, foundations, Arabic, essential knowledge and multi-year seminary",confirmed,Course completion and formal study; app-style progress not found,inference,Classical texts and named instructors,confirmed,Teacher-led by institutional faculty,confirmed,English and Arabic study components,confirmed,Mixed free/paid programs; current per-course price not captured,not found,Excellent depth but not a self-guided adaptive consumer app,Benchmark for learner lifecycle from child foundations to advanced scholarship,https://www.qalam.institute/links | https://www.qalam.institute/online-class-recordings,2026-09-11
Bayyinah TV,Quran and Quranic Arabic learning,Adults; Quran-focused learners,"Web, iOS and Android claimed","Video/audio courses, systematic Arabic study and Quran explanation",confirmed,Personalized dashboard and related-content recommendations; no XP/streak confirmed,confirmed,Beginner guidance plus deep Arabic and Quran series,confirmed,Lesson progress bar and personalized dashboard,confirmed,Institutional authored content and downloadable study materials,confirmed,Named instructor-led model; independent scholarly review workflow not public,inference,English; Arabic source language,confirmed,$11/month stated on official Arabic resources page,confirmed,Depth can overwhelm beginners; active retrieval and spaced review are not central,"Benchmark for premium explanation, audio/video flexibility and content depth",https://explore.bayyinahtv.com/arabic/ | https://explore.bayyinahtv.com/arabic-resources/,2026-09-11
Understand Al Quran Academy,Quran understanding and reading,Children; adults; schools; teachers,Web courses and multiple mobile apps,"Course sequence from reading to understanding, vocabulary and tajwid; teacher options",confirmed,Short-course framing and classroom practice; no strong game economy evidenced,inference,Understand Quran courses 1-5 plus reading and teacher training,confirmed,Course progression; teacher evaluation app; detailed learner mastery not found,inference,Curriculum claims Quran as textbook and Seerah as workbook,confirmed,Materials described as supervised by Islamic scholars; personal tutors available,confirmed,Claims translations/use in 20 international languages,confirmed,Self-study resources plus paid one-to-one/group tutoring; exact current rate not captured,confirmed,Fragmented app ecosystem and older UX compared with modern habit products,"Benchmark for multilingual scale, teacher training and Quran-word comprehension",https://understandquran.com/ | https://understandquran.com/our-mobile-apps/,2026-09-11
Academy by Muslim Pro,Islamic academy inside super-app,Children and adults; existing Muslim Pro users,Qalbox/Muslim Pro app,"Self-paced video lessons, interactive MCQ after lessons and live/Zoom classes",confirmed,Certificates and ecosystem cross-sell; no streak/XP academy loop confirmed,inference,"Beginner, intermediate and advanced Quran; beginner/intermediate Arabic",confirmed,Course enrollment and certificates; mastery details not found,inference,Institutional partner and named lecturers are shown,confirmed,Qualified teachers and Ulum Al-Azhar Academy partnership,confirmed,English and Malay offerings; broader app localization exists but academy coverage varies,confirmed,Beginner free; intermediate paid; advanced Quran listed at $2.99; other pricing in app,confirmed,Academy is one section of a broad super-app and personalization appears limited,Benchmark for distribution through an existing Islamic ecosystem and low-cost entry,https://www.muslimpro.com/academy-islamic-courses/,2026-09-11
