canonical_product_id,product,segment,depth,evidence_status,defining_strength,main_gap,muslingo_move,official_sources
elevate,Elevate,adaptive brain training,deep,confirmed + inference + not found,Daily program and difficulty adjust to performance and goals [confirmed]; No spaced-repetition scheduler confirmed [not found]; Short multi-game daily workout [confirmed],"Do not make streak contingent on passing when disability, microphone or connectivity interferes",Balanced daily mix; adaptive difficulty; detailed skill trend charts,https://elevateapp.com/ | https://support.elevateapp.com/hc/en-us/articles/4402922583067-What-is-Elevate | https://support.elevateapp.com/hc/en-us/articles/4402925042715-What-is-a-streak | https://get.elevateapp.com/
ayatika,Ayatika,adaptive hifz quizzes,deep,confirmed store claim; not found validation; inference on trust advantage,good variety of recall tests and French/Arabic localization,unvalidated teacher-replacement wording; very new; limited public policy detail,"Muslingo can differentiate through calibrated uncertainty, teacher escalation and no false tajwid certification",https://play.google.com/store/apps/details?id=fr.ayatika.app | https://ayatika.fr
zad-academy,Zad Academy,Adult Islamic studies,deep,confirmed_with_gaps,"Depth, progression gate and exam system confirmed","No adaptive personalization, speech or item memory model",Depth and cumulative assessment benchmark for foundations; not a mobile microlearning pattern,https://zad-academy.com/en | https://zad-academy.com/en/curriculum | https://support.zad-academy.com/en/275805-Exams
noor,NOOR,Adventure Quran learning for children,mapped,confirmed_with_gaps,"500+ interactive lessons, quests, XP, streaks and parent dashboard",Independent outcome and content-governance evidence not found,"Build coherent character-led journeys while measuring mastery, not activity",https://noor.vip/
loora,Loora,AI conversation coach,deep,confirmed + not found,"Adapts to skill/pace and provides reports; personalized plans for intermediate learners [confirmed]; Saved vocabulary/takeaways; SRS not confirmed [confirmed/not found]; Classic lesson, role-play, Read and Talk, then unlimited practice [confirmed]",AI feedback on recitation needs uncertainty and expert escalation; league should be optional,Show full value before paywall; after-action summary; repeat same scenario with a new approach,https://www.loora.com/ | https://www.loora.com/support/billing-and-subscription/pricing-plans | https://www.loora.com/use-cases/intermediate-english
praktika,Praktika,AI conversation tutor,deep,confirmed + inference + not found,"Personal study plan adapts to goals, interests and pace [confirmed]; Review scheduling not documented [not found]; Conversation plus grammar, vocabulary, listening and reading exercises [confirmed]",Anthropomorphic AI must not impersonate an imam or claim religious authority,Selectable feedback strictness; gentle error framing; persistent context,https://praktika.ai/
huffaz,Huffaz,AI hifz and tajwid practice,deep,confirmed headline claims only; many not found fields; inference on switch trigger,focused memorization proposition,official site fetch instability and insufficient public evidence,"Muslingo can win on evidence transparency, stable cross-platform access and inspectable privacy controls",https://www.huffaz.id/
elsa-speak,ELSA Speak,AI pronunciation coaching,deep,confirmed + not found,"Continuously reassesses and builds personalized daily path [confirmed]; Saved sets and practice exist; SRS details not confirmed [confirmed/not found]; Daily recommended lessons across pronunciation, conversation, vocabulary and grammar [confirmed]",English ASR claims cannot be transferred to Quran phonemes/tajwid without Arabic validation and scholar review,Diagnostic-to-plan; granular actionable feedback; role-specific tasks; teacher dashboard,https://elsaspeak.com/en | https://elsaspeak.com/en/elsa-subscription | https://elsaspeak.com/en/enterprise/business
speak,Speak,AI speaking tutor,deep,confirmed + not found,Premium Plus creates personalized study plan and lessons from frequent mistakes [confirmed]; Smart Review exists; scheduling details not public [confirmed/not found]; Curriculum plus situational role-play and custom lessons [confirmed],Open-ended AI must not generate religious rulings or unverified Quran explanations,Generate practice from recurring errors; use goals/interests without abandoning curriculum,https://www.speak.com/ | https://help.speak.com/en/articles/5358417-what-s-the-difference-between-premium-and-premium-plus | https://app.speak.com/us-en/gift
deendropz,DeenDropz,AI-assisted Islamic learning for youth,deep,confirmed,"Daily lessons and quizzes, Quran audio, Arabic tutor and source-citing AI Q&A; Streak; XP levels; reminders; score sharing",Fast feature expansion and AI answers create governance and child-safety risk without visible review workflow,Benchmark for age modes and parent reports; Muslingo needs stronger safety controls,https://apps.apple.com/my/app/deendropz/id6759574013
quran-by-islam-org,Quran+ by Islam.org,AI-search Quran study platform,deep,confirmed as publisher claims,"confirmed: semantic/phonetic search, audio, word sync, tafsir, roots, notes, tags and playlists; inference: study and research tools; sequential Academy not found",focused study/search entrant with interesting AI discovery but limited validation evidence,AI search should be evaluated for citation fidelity before comparison claims.,https://apps.apple.com/us/app/quran-by-islam-org/id1621850736 | https://www.islamicity.org/
athan-pro,Athan Pro,Apple-centric Islamic superapp,deep,confirmed with gaps,confirmed: Quran listening; not found,broad prayer-first utility with relatively shallow Quran learning,Distinct from Athan by IslamicFinder.,https://apps.apple.com/us/app/athan-pro-muslim-prayer-times/id743843090
al-islam-islamic-pillars,Al-Islam: Islamic Pillars,Apple-native Islamic superapp,deep,confirmed,"confirmed: Quran planner, tafsir, search, Siri, offline ayah audio and multiple reciters; not found: structured Academy; learning guides and dua collections present",wide feature set executed as an Apple-native utility; no diagnostic pedagogy,"Strong benchmark for widgets, Siri and native performance.",https://apps.apple.com/us/app/al-islam-islamic-pillars/id6449729655
amau-academy,AMAU Academy,Arabic and Islamic studies,deep,confirmed_with_gaps,Program breadth and junior track confirmed,"No public SRS, adaptive or efficacy data",Benchmark separate adult and junior pathways with explicit prerequisites,https://www.amauacademy.com/ | https://helpdesk.amauacademy.com/articles/getting-started-with-amau/what-is-amau-academy/ | https://www.amauacademy.com/pages/plans | https://helpdesk.amauacademy.com/articles/gift-sharing-and-family-use/refer-and-win/
alifbee-kids,AlifBee Kids,Arabic learning for children,deep,confirmed,"multi-child controls, free gate and learning modalities are in official help center",teacher analytics; scholar governance; child-data deletion; exact regional price,"let users select AlifBee experience level, skip mastered alphabet items and enter Quran-specific transfer exercises",https://alifbeekids.com/ar|https://help.alifbee.com/hc/en-us/articles/10239530428573--What-is-AlifBee-Kids|https://help.alifbee.com/hc/en-us/articles/10213436606621--AlifBee-Kids-Sections|https://help.alifbee.com/hc/en-us/articles/10239728344477--Is-AlifBee-Kids-free
madinah-arabic,Madinah Arabic,Arabic reading and grammar,mapped,confirmed_with_gaps,Free structured Arabic reading and grammar materials,Not an adaptive mobile learning system,Use as a syllabus reference only where licensing permits,https://madinaharabic.com/free-content/reading
arabic101,Arabic101,"Arabic, Quranic Arabic and tajwid",deep,confirmed_with_gaps,"Teacher workflow, assessment and pricing confirmed",No published efficacy or automated speech validation,Strong benchmark for a Muslingo teacher escalation and periodic human review layer,https://arabic101.org/ | https://academy.arabic101.org/courses/ | https://academy.arabic101.org/tiersplans3/ | https://arabic101.org/aca/getting-started/ | https://arabic101.org/aca/faq-teaching/
pimsleur,Pimsleur,Audio language benchmark,deep,confirmed_with_gaps,"Method, SRS, Voice Coach and offline operation confirmed",Independent course-specific outcome evidence varies,Best benchmark for eyes-free daily audio learning and timed recall,https://www.pimsleur.com/ | https://www.pimsleur.com/pimsleur-faq/ | https://www.pimsleur.com/learn-french/subscription-audio/ | https://www.pimsleur.com/learn-arabic-modern-standard
hifz-jatra,Hifz Jatra,Bengali-first Quran memorization ecosystem,deep,confirmed Play listing claims; not found implementation/validation detail; inference on execution risk,very broad localized package and female-cycle-sensitive streak protection,feature breadth exceeds public proof; tiny install base; unclear moderation and teacher operations,Muslingo can localize equally deeply for Russian/Kazakh while proving each production feature and keeping learning focused,https://play.google.com/store/apps/details?id=com.ummahfirstlabs.hifzjatra | https://hifzjatra.top
irshad,Irshad,Bite-sized Islamic studies,deep,confirmed,"Short structured lessons, quizzes, missed-question review and spaced repetition; Daily streak",Very small public review base and no transparent source/reviewer workflow,Strong benchmark for low-friction adult foundations and compact lessons,https://apps.apple.com/us/app/irshad-islamic-learning/id6761447206
safar-publications,Safar Publications,Child Islamic studies and Quran curriculum,deep,confirmed_with_gaps,"Age progression, authorship and review model confirmed",No adaptive personalization or open reuse rights,Best benchmark for age-banded foundations; Muslingo's 10 foundations lessons are far too shallow,https://www.safaracademy.org/curriculum/ | https://safarpublications.org/islamic-studies-primary/ | https://docs.safarpublications.org/article/76-who-writes-the-textbooks
naml,Naml,Child Quran memorization,deep,confirmed_with_gaps,"Current versus future features, intervals, pricing and parent gate confirmed",No independent retention study or formal accessibility evidence,Best child-safety/product benchmark: parent approval must beat automatic promotion,https://naml-app.com/en | https://naml-app.com/en/pricing | https://naml-app.com/en/legal/privacy | https://naml-app.com/ar/pricing
learning-roots-kiitab,Learning Roots / Kiitab,children's Quran learning and family resources,deep,mixed,official site states an on-demand Quran app with recording and expert feedback and age-banded books,Kiitab availability date; teacher SLA; voice privacy; dashboard; family plan,"Muslingo can offer instant private practice plus optional human review, with explicit turnaround and recording deletion controls",https://www.learningroots.us/|https://www.learningroots.com/products/home-progress-kit-free-download
hifzai-by-nxgenz,HifzAI by NxGenZ,cloud AI Quran recitation and SRS,deep,confirmed first-party feature/pricing claims; not found validation; inference on risk and switch trigger,"clear per-ayah SRS, replay and transparent time quotas",high-confidence pronunciation/tajwid marketing without evidence; expensive at higher usage,"Muslingo can offer educationally honest scoring, stronger source governance and human escalation without pretending transcription equals tajwid",https://hifzai.org/ | https://hifzai.org/privacy
almaghrib-institute,AlMaghrib Institute,Cohort and on-demand Islamic education,deep,confirmed,"Seminars, recordings, study materials and exams; Community, instructor events and certificates rather than gamification",Course-based engagement is episodic and costly compared with daily app learning,"Benchmark for event energy, instructor brands and cohort community",https://www.almaghrib.org/online/ | https://www.almaghrib.org/allaccess/
lingq,LingQ,Content immersion benchmark,deep,confirmed_with_gaps,"SRS, offline, teacher dashboard and content import confirmed",Imported-content quality and licensing are learner/provider responsibilities,"Benchmark source-to-lesson pipeline, but Muslingo must approve every Islamic source before use",https://www.lingq.com/en/ios-app/ | https://www.lingq.com/en/schools/ | https://www.lingq.com/en/signup/ | https://www.lingq.com/ | https://www.lingq.com/en/accounts/new/
clozemaster,Clozemaster,contextual cloze practice,deep,confirmed + not found,Fast Track and review forecast guide practice; model details not public [confirmed/not found]; Custom review intervals and review forecast [confirmed]; Thousands of contextual sentences in frequency/grammar collections [confirmed],Machine-translated or unreviewed sentences must never be used as Quran or aqidah evidence,Cloze deletion for Quranic vocabulary in verified context; switch recognition to production,https://www.clozemaster.com/pro?source=signup | https://www.clozemaster.com/l/deu-eng/collections/fluency-fast-track-f3f781f5-b1a4-48e4-8c93-9c85355c9479
coursera-arabic,Coursera Arabic,Course marketplace benchmark,mapped,confirmed_with_gaps,Institutional course structure and certificates,Long sessions and low daily personalization,Use optional certificates only after defensible assessment,https://www.coursera.org/learn/arabic-for-beginners-1-arabic-alphabet-and-phonology
safar-journey2jannah,Safar Journey2Jannah,Curriculum-linked gamified learning,deep,confirmed,"Interactive lessons tied to textbooks, quizzes and teacher-led implementation; Gamified rewards and student experience",Less frictionless for an independent adult and tied to a larger curriculum ecosystem,"Best benchmark for governance, spiral learning, classroom implementation and teacher tooling",https://safarpublications.org/ | https://docs.safarpublications.org/
miyao,Miyao,Duolingo-style Islam and Quran for kids,deep,confirmed,"Three-to-five-minute lesson queue with info cards, choices, drag/drop, tracing and voice practice; errors loop back; XP; coins; badges; streak; friend quiz races",Pre-launch claims lack independent usage evidence and longitudinal mastery proof,Very close child-pedagogy benchmark; Muslingo can differentiate with measured memory and adult path,https://miyaokids.com/
sajda,Sajda,Faith learning and utilities,deep,confirmed_with_gaps,Regional language breadth and Academy positioning confirmed by official product material,Little public detail on assessment or reviewer workflow,"Primary regional localization benchmark, not a mastery-system benchmark",https://sajda.com/ | https://sajda.com/en | https://sajda.com/en/privacy
qalam,Qalam,Family Islamic content superapp,deep,confirmed with trust limitation,"confirmed: full Quran, recitation, translation, tafsir and offline access; confirmed: 40+ animated prophet stories and subject-based learning; formal curriculum depth not found","broad family/AI proposition, but trust evidence is weaker than feature claims",Privacy and AI-source governance require deeper diligence before treating as benchmark quality.,https://apps.apple.com/us/app/qalam-quran-deen-stories/id6744072027
beckah-games,Beckah Games,free family and classroom games,deep,confirmed,"free games, adaptive Quran questions and School Portal are official",child accounts; analytics; content review board; data retention,"use shareable, source-backed diagnostic challenges as top-of-funnel, then convert results into a private Muslingo plan",https://www.beckah.org/en/games
ameen,Ameen,Free Islamic superapp,deep,confirmed with gaps,confirmed: Quran recitation player and daily worship tools; not found,broad utility with limited evidence of structured learning,Newer product with limited evidence depth.,https://apps.apple.com/us/app/ameen-quran-athan-prayer/id6742055838
hafiz-quran-memorization,Hafiz - Quran Memorization,free offline hifz reader,deep,confirmed store claims; not found validation/privacy depth; inference on differentiation,"simple, free and offline with source attribution to Tanzil","no adaptive route, meaning curriculum, pricing support model or accuracy evidence",Muslingo can add a daily curriculum and transparent feedback while keeping a capable free offline core,https://play.google.com/store/apps/details?id=com.hafiz.app.hafiz_app
hifzease,HifzEase,FSRS hifz practice,deep,confirmed store mechanics; not found privacy/pricing; inference on granularity,clear active-recall and FSRS explanation,"page granularity can hide word/ayah weakness; no speech, teacher or meaning path",Muslingo can outperform with item-level mastery and generated repair tasks after errors,https://play.google.com/store/apps/details?id=com.zuapps.hifz_ease
tathbeet,Tathbeet,FSRS Quran memorization tracker,deep,confirmed store description; not found pricing/privacy depth; inference on self-rating weakness,explicit FSRS implementation and visual workflow; supports Warsh,manual self-rating can overestimate mastery; no speech or teacher review,Muslingo can add objective retrieval/recitation evidence to a similarly transparent review queue,https://play.google.com/store/apps/details?id=linahfad.quran.app | https://play.google.com/store/apps/details?id=linahfad.warshquran.app
nuri,Nuri,Game-like Islamic learning,deep,confirmed,"Five-minute story, quiz and badge lesson; World map; stars; unlocks; streaks; badges",Narrow launch content and pre-launch status; no spaced review evidence,Strong benchmark for character-led path and clear five-minute promise,https://learnwithnuri.com/
itqan-ayah,Itqan Ayah,gamified hifz quizzes and planner,deep,confirmed store features; not found algorithm validity/safeguarding; inference on UX tradeoffs,rich active-recall variety and strong motivational system,iPhone-only evidence; time pressure and public competition may conflict with calm religious learning; no recitation correction,Muslingo can use varied transfer tasks and weakness tracking while avoiding coins-first design and public piety competition,https://apps.apple.com/sa/app/itqan-ayah-quran-memorization/id6468956692
sabil-children-academy,SABIL Children Academy,Gamified Islamic curriculum for children,mapped,confirmed_with_gaps,"Twelve pillars spanning belief, Quran, salah, seerah, character and Arabic",Public assessment and product maturity detail are limited,Use a visible curriculum map with declared source scope,https://thesabilinstitute.org/masjid/academy/children
journey2jannah,Journey2Jannah,Gamified Islamic learning,mapped,confirmed_with_gaps,Explicit game-like learning structure,Source governance and outcome evidence require deeper review,Use journeys only when every activity maps to a learning objective,https://journey2jannah.com/
salam-learn,Salam Learn,Gamified Islamic learning,deep,not found,"Short lessons across Quran, dua, pillars, prophets, adab, Arabic and calendar plus games; XP; ranks; streak; quizzes; matching and sorting games",Strong breadth and mechanics but weak public authority/provenance evidence,"Direct UX benchmark for Muslingo foundations, especially path visibility",https://salamgames.com/learn/
learndeen,LearnDeen,Gamified Islamic quiz,deep,confirmed,Five-minute lessons and sourced quiz explanations across seven categories; Combo; XP; gems; badges; streak; six ranked leagues; timed lives,Quiz-heavy loop can reward recognition and speed more than transfer or application,Benchmark for energetic motivation; Muslingo should tie rewards to delayed mastery,https://play.google.com/store/apps/details?id=com.learndeen.learndeen
mondly,Mondly,gamified language learning,deep,confirmed + not found,"Daily lessons and progress tests; adaptive decision model not public [confirmed/not found]; Vocabulary builders and lesson review; SRS not confirmed [confirmed/not found]; Daily lessons, weekly quizzes and monthly challenges [confirmed]",Generic leaderboards and generic speech scores can distract from genuine recitation improvement,"Layer daily, weekly and monthly cadence; voice scenarios; RTL quality",https://www.mondly.com/ | https://apps.apple.com/us/app/mondly-learn-41-languages/id987873536 | https://www.pearson.com/languages/en-us/educators/mondly-by-pearson.html
sabinoor,Sabinoor,Gamified Quran and Hadith,deep,conflicting_official_disclosures,"Three-minute daily ladder: Essentials, Hadith, Quran, Quran; recitation practice; XP; gems; streaks; freezes; leagues; duels; companions; cosmetic skins","Speech claims include pitch, timing and madd, but public validation and teacher agreement data were not found; privacy marketing requires reconciliation with App Store data labels",Closest direct benchmark for Muslingo daily learning loop; validate rather than copy its AI claims,https://sabinoor.com/ | https://apps.apple.com/us/app/sabinoor/id6765837763 | https://www.sabinoor.com/
quran-era,Quran Era,Gamified Quran reading,deep,not found,"Video lessons, 100+ games, stories and activity books from letters to tajwid; Game progression and playful curriculum","Strong reading path but meaning, Islamic foundations and adaptive memory are not central","Major benchmark for polished Quran path, school sales and human-teacher upsell",https://quranera.com/FAQ.html | https://quranera.com/pricing.html | https://quranera.com/privacy-policy.html | https://quranera.com/live-classes.html
quran-for-kids-tarteel-noor,"Quran For Kids, Tarteel: NOOR",gamified Quran recitation and hifz,deep,confirmed,"this is the closest child-focused feature competitor: parent error dashboard, gamification and adaptive review are explicit",independent speech accuracy; precise pricing; teacher escalation; iOS status; retention periods,"Muslingo must win on honest pronunciation confidence, replay/retry, listen-first flow and a no-card diagnostic before any subscription wall",https://play.google.com/store/apps/details?hl=en_US&id=com.kaderisoft.islam
iman-app,iman.app,gentle one-ayah-a-day memorization,deep,confirmed official features/status; not found price/SRS; inference on transition value,"excellent emotional positioning, localization and simple habit","no diagnostic, current speech, teacher review or verified spaced schedule",Muslingo can keep the calm tone but immediately show a personalized diagnosis and repair plan rather than a uniform one-ayah cadence,https://iman.app/ | https://iman.app/pricing | https://apps.apple.com/us/app/iman-app-memorize-quran/id6736880861
lingodeer,LingoDeer,grammar-first language learning,deep,confirmed + not found,"Targets weak areas; exact adaptive model not public [confirmed/not found]; Built-in flashcards and review; support documents an SRS [confirmed]; Expert curriculum, grammar notes, native audio, stories and Fluent dialogues [confirmed]",Do not hide critical Quran meaning as a game; avoid uneven feature coverage without labels,Test-out; prerequisite guidance; slow/normal audio; explanations before harder practice,https://www.lingodeer.com/ | https://lingodeer.freshdesk.com/support/solutions/articles/61000194357-is-lingodeer-free-how-much-is-it- | https://lingodeer.freshdesk.com/support/solutions/articles/61000307428-where-is-fluent-and-what-is-it-
durioo,Durioo+,halal family streaming,deep,mixed,"parental controls, family profiles, offline use and cross-device model are official",independent scholar review; exact data collection; child profile deletion; teacher mode,use an intent-based switch: families selecting Quran mastery enter Muslingo diagnostic immediately; retain audio/video as optional background content only,https://duriooplus.com/pricing | https://join.duriooplus.com/ | https://apps.apple.com/us/app/durioo-by-omar-hana-makers/id1605538612 | https://play.google.com/store/apps/details?hl=en_US&id=ott.durioo1 | https://join.duriooplus.com/safescreentime/
maqraa,Maqraa,Institutional electronic Quran teaching,mapped,confirmed_with_gaps,Institutional teaching and recitation access,Regional access and integration terms require diligence,Use as a model for qualified escalation and certification boundaries,https://maqraa.prh.gov.sa/en
ayat-al-quran,Ayat: Al Quran,Institutional Quran reader,deep,confirmed,"confirmed: scanned Mushaf, tajwid/Warsh variants, 20+ translations, audio translation and synchronized highlighting; not found",focused reference reader; official listing shows limited recent product depth,"App Store reviews mention current audio/UI issues, but reviews were not used as confirmed product facts.",https://apps.apple.com/us/app/ayat-al-quran-%D8%A7%D9%84%D9%82%D8%B1%D8%A2%D9%86-%D8%A7%D9%84%D9%83%D8%B1%D9%8A%D9%85/id634325420 | https://quran.ksu.edu.sa/
hakma-taleem,Hakma Taleem,Interactive Islamic learning,deep,confirmed,"Guided paths with short lessons, activities, questions and rewards; Rewards and dedicated quiz companion app",Broad ecosystem but limited public detail on mastery and curriculum depth,"Benchmark for combining stories, Quran, quizzes and path learning",https://hakmakids.com/
brilliant,Brilliant,interactive STEM learning,deep,confirmed + not found,Personalized recommendations and guided Learning Paths [confirmed]; Practice checkpoints; formal SRS not confirmed [confirmed/not found]; Explanations alternate with hands-on problems in progressive paths [confirmed],Public leagues and streak preservation should never imply religious merit or shame,Effort-based streak; no XP farming; learning path checkpoints; widget,https://brilliant.org/ | https://brilliant.org/help/features/what-are-learning-paths/ | https://brilliant.org/help/features/what-is-a-streak/ | https://brilliant.org/help/features/
journey2jannah-safar-ecosystem,Journey2Jannah / Safar ecosystem,Islamic curriculum and digital companion,deep,confirmed,"the ecosystem, role-specific help center, teacher resources and digital companion are official",current subscription amount; parent/teacher analytics fields; privacy retention; localization,"Muslingo should partner/license rather than copy, and can act as adaptive daily practice between Safar lessons",https://safarpublications.org/|https://docs.safarpublications.org/|https://safarpublications.org/help-center/islamic-studies/primary-islamic-studies-syllabus/are-safar-publications-available-as-ebooks-or-digital-downloads/|https://resources.safarpublications.org/
muslim-app,Muslim App,Islamic daily utility and widgets,mapped,confirmed_with_gaps,Verse-of-day and prayer widgets across device surfaces,Learning diagnostics and mastery are not core,"Use widgets to return users to assigned learning, not generic content alone",https://muslimapp.com/guide/on-your-device
salam-games,Salam Games,Islamic educational games,deep,mixed,topic breadth and lesson-path claim are on official site,operator identity; review governance; privacy; age bands; analytics; pricing,"offer a better free challenge with a diagnostic result and immediate personalized continuation, not a generic topic menu",https://salamgames.com/
learning-roots,Learning Roots,Islamic educational products for families,mapped,confirmed_with_gaps,Strong family brand and tangible learning materials,App-native adaptation and mastery signals vary by product,Create teacher and parent kits around the app path,https://www.learningroots.com/
muslim-guard,Muslim Guard,Islamic family edutainment,deep,not found,"Videos, stories, Quran, games and 1,000+ quizzes; 30+ games; timed/duel/parent-child quiz modes; rewards",Content volume is high but directed learning and source governance are unclear,Benchmark for family co-play; Muslingo should prioritize depth over catalog size,https://www.muslim-guard.com/en | https://www.muslim-guard.com/en/app/legal/politique-de-confidentialite | https://www.muslim-guard.com/en/quiz/creer
tawhid,Tawhid,Islamic habit superapp,deep,confirmed,"confirmed: Quran, tafsir and khatam planner; not found",broad tracker-led app; stronger habit analytics than instruction,Current storefront is the primary source.,https://apps.apple.com/us/app/tawhid-quran-prayer-times/id1668618911
al-noor-kids,Al Noor Kids,Islamic habits and learning for families,mapped,confirmed_with_gaps,"Family dashboard, age tiers, games and parent approval",Religious reward framing and AI answers need careful governance,"Adopt parent approval and family routines, avoid scoring piety",https://alnoorkids.com/
the-tarbiyah,The Tarbiyah,Islamic homeschool app,deep,confirmed,"age, child profile, progress and price are stated on the official page",additional-child pricing; moderation; data retention; curriculum reviewer identities,"Muslingo should import goals and self-reported level, then show evidence-based Quran mastery while avoiding scoring private religious behaviour",https://thetarbiyah.com/
islam360kids,Islam360Kids,Islamic kids learning app,deep,confirmed,"scope, July 2026 update and store data-safety declarations are official",learning progression; parent controls; content review board; iOS availability,"Muslingo should preserve a free guest route and differentiate through diagnosis, skill graph and review scheduling",https://play.google.com/store/apps/details?id=com.islam360kids
ali-huda,Ali Huda,Islamic kids streaming,deep,not found,an official App Store page remains accessible in Australia with product description,current operating website; current download availability; privacy terms; support status,"provide a transparent migration prompt for former Ali Huda users: choose known topics and surahs, receive a seven-day plan, never claim automated data import",https://alihuda.com/ | https://apps.apple.com/au/app/ali-huda/id1243697319 | https://apps.apple.com/us/developer/ali-huda-inc/id583712793
muslim-kids-tv,Muslim Kids TV,Islamic media and games,deep,inference,"Large library of videos, games, ebooks and Recitation Buddy; Games and entertainment catalog; streak/level system not found",Primarily content subscription; active learning and durable assessment are not central,"Benchmark for family distribution and breadth, not adaptive instruction",https://www.muslimkids.tv/ | https://help.muslimkids.tv/hc/en-us/articles/35566460267668-Plans-and-Pricing | https://help.muslimkids.tv/hc/en-us/articles/35566128101268-What-is-Muslim-Kids-TV | https://resources.muslimkids.tv/wp-content/uploads/2023/05/MuslimKidsTV-School-Background-2023.pdf
muslimkids-tv,MuslimKids.TV,Islamic media and games for children,mapped,confirmed_with_gaps,Large cross-device library and Recitation Buddy,Content volume is not evidence of a personalized curriculum,Do not compete on library size; connect every media item to the learning path,https://www.muslimkids.tv/
deenee,Deenee,Islamic microlearning for children,deep,not found,"Claims 5,000+ micro-lessons, quizzes, stories and audio; Quizzes and interactive content; exact rewards not found",Official page appears stale and current availability could not be confirmed,A cautionary benchmark: catalog-count claims age badly without current product evidence,https://deeneeapp.com/ | https://deeneeapp.com/privacy-policy/
noor-ul-huda,Noor Ul Huda,Islamic quiz and stories,deep,not found,"Daily quizzes, prophet stories, Quran lessons, duas and salah; Stars; badges; leaderboard",Feature breadth is clear but public governance and curriculum detail are thin,Benchmark for compact all-in-one interactive module design,https://www.hudalabs.app/
muslimquiz,muslimquiz,Islamic quiz game,deep,confirmed,"Category quizzes, timed challenge, guess-the-surah audio and daily question; Points; high scores; streak; challenges; physical-card scanning",Broad recall game without demonstrated explanation depth or transfer assessment,Good benchmark for multilingual quiz variety and hybrid physical/digital packs,https://play.google.com/store/apps/details?id=com.muslimquiz.muslim_quiz_v1
al-hafiz,Al-Hafiz,Islamic reader plus hifz SRS,deep,confirmed store claims; not found pedagogy depth; inference on focus advantage,privacy-first and free offline utility,"hifz is one feature inside super-app; no speech, curriculum or teacher feedback",Muslingo can turn passive utility into a focused adaptive learning loop while keeping core Quran access free,https://play.google.com/store/apps/details?id=com.alhafiz.quran.athan
qaf-school,Qaf School,Islamic school management,deep,confirmed,"role model, family visibility, institution isolation and free pricing are explicit",independent compliance audit; breach-liability posture is unusually broad; content curriculum ownership,"integrate Muslingo assignments and mastery receipts into teacher workflows through export/API later, without rebuilding a school SIS first",https://www.qaf.app/en|https://www.qaf.app/en/features/mobile-apps|https://www.qaf.app/legal/terms
niyyah-kids,Niyyah Kids,Islamic stories and activities,deep,inference,"Read/listen stories plus puzzles, mini-games and calligraphy; Playful activities; no streak/XP evidence","Gentle experience lacks visible curriculum, assessment and review model","Benchmark for calm, ad-free child experience and screen-time mindfulness",https://www.niyyahkids.com/
miraj-stories,Miraj Stories,Islamic stories and learning games,deep,confirmed,"Interactive stories, games, audiobooks and videos; Game-based exploration; explicit streak/XP system not found","High-quality edutainment, but no demonstrated adaptive path or spaced review",Benchmark for polished child media and school packaging,https://mirajstories.com/ | https://www.mirajstories.com/ | https://www.mirajstories.com/faq/ | https://www.mirajstories.com/children-privacy-policy/ | https://www.mirajstories.com/about-miraj/
noortrails,NoorTrails,Islamic story edutainment,deep,confirmed,Animated stories followed by quizzes and progression; XP; ranks; streaks; parent dashboard,Strong trust language but little public evidence on lesson mechanics and assessment validity,Benchmark for narrative immersion plus parent visibility,https://noorinitiative.com/ | https://noor-trails.com/
seekersguidance-academy,SeekersGuidance Academy,Islamic studies and Arabic,deep,confirmed_with_gaps,Free structured scholarly curriculum and declared approach confirmed,No adaptive engine or uniform assessment model,Benchmark doctrinal transparency and scholar escalation,https://academy.seekersguidance.org/ | https://seekersguidance.org/answers/general-counsel/what-is-the-belief-and-approach-of-seekersguidance-and-its-online-islamic-courses/ | https://seekersguidance.org/ | https://academy.seekersguidance.org/?redirect=0&track=odc | https://seekersguidance.org/islamic-scholars-fund/
cambridge-muslim-college-online,Cambridge Muslim College Online,Islamic studies online learning,mapped,confirmed_with_gaps,Institutional long-form Islamic learning,Not designed for short daily beginner practice,Create a clear handoff from foundations to advanced study partners,https://www.cambridgemuslimcollege.ac.uk/onlinelearning
athan-by-islamicfinder,Athan by IslamicFinder,Islamic superapp,deep,confirmed,"confirmed: Quran audio, 45+ translation languages, bookmarks, search and sharing; confirmed: Athan Stories and separate Athan Academy with interactive Quran/tajwid classes and teacher feedback",broad habit platform with learning adjacency; Quran mastery is not the single organizing loop,Athan Academy is a separate official app in the same ecosystem.,https://apps.apple.com/us/app/athan-prayer-times-dua-azkar/id505858403 | https://www.islamicfinder.org/privacypolicy/ | https://apps.apple.com/us/app/athan-prayer-times-al-quran/id505858403 | https://www.islamicfinder.org/ | https://apps.apple.com/us/app/athan-prayer-times-al-quran/id505858403?see-all=reviews
deen-islamic,Deen Islamic,Islamic superapp,deep,confirmed with gaps,confirmed: Quran recitation and tafsir; not found,broad utility with shallow public evidence,Not the same product as Deen Inc.,https://apps.apple.com/us/app/deen-quran-hadith-prayer-time/id6504724978
muslim-app-formerly-muslim-assistant,Muslim App (formerly Muslim Assistant),Islamic superapp,deep,confirmed with gaps,confirmed: Quran and daily azkar; detailed reader/search evidence not fully captured; not found,broad daily prayer/Quran utility; learning depth not evidenced,Product was formerly branded Muslim Assistant.,https://apps.apple.com/us/app/muslim-app-azan-qibla-quran/id1137963102 | https://muslimapp.com/
muslims-day,Muslims Day,Islamic superapp,deep,confirmed,"confirmed: Tajweed Quran, audio, offline downloads, translations, tafsir, bookmarks and resume; not found",broad daily routine app; no evidence of personalized Quran mastery,User count is publisher-provided.,https://apps.apple.com/us/app/muslims-day-quran-prayer-times/id1613431376
quran-muslim,Quran Muslim,Islamic superapp,deep,confirmed with gaps,"confirmed: Quran chapters, translations and recitations; not found",generic broad utility; limited proof of differentiated learning or trust system,Newer product; use as commodity-baseline comparison.,https://apps.apple.com/us/app/quran-muslim/id6768216843
ummah-guide,Ummah Guide,Islamic superapp,deep,confirmed with gaps,"confirmed: Surah/Mushaf, translation, tafsir, audio, word-by-word and expanded reciters; confirmed: basic Learn Islam guides; Academy not found",broad entrant with rapid feature expansion; quality governance is not publicly evidenced,Release notes show frequent notification and reader fixes.,https://apps.apple.com/us/app/ummah-guide-muslim-prayer-app/id6760240389
athan-islamicfinder,Athan / IslamicFinder,Islamic superapp and community,deep,mixed,confirmed: some advanced features require signup; not_found; confirmed: public Muslim community; current teacher workflow not located,Official IslamicFinder pages accessed 2026-09-11; community article is older and current implementation should be rechecked before launch decisions.,"Open community is not Muslingo's near-term wedge. Prefer private teacher/family groups, age gates, reporting, moderation and no exposure of private religious activity.",https://www.islamicfinder.org/news/how-athan-is-changing-the-way-muslims-connect/; https://www.islamicfinder.org/privacypolicy/
everyday-muslim,Everyday Muslim,Islamic superapp and social accountability,deep,confirmed,"confirmed: page/word reader, offline audio, repeat, tafsir, word pronunciation and downloads; not found: formal Academy; trivia present",broadest social-accountability pattern in sample; raises privacy/design sensitivity,Private-group model is strategically relevant but should not expose sensitive worship data by default.,https://apps.apple.com/us/app/everyday-muslim-islamic-app/id1546578729 | https://everydaymuslim.app/
islam-iq,Islam IQ,Islamic trivia and challenge,deep,inference,"Topic-set practice, challenges and daily quiz; Streaks; credits; bonuses; friend/family groups; global leaderboard",Competitive rank is prominent while source and mastery transparency are weak,"Benchmark for social competition, with caution around religious status signaling",https://apps.apple.com/bz/app/islam-iq-quiz-learn-quran/id6760637065
athan,Athan,Islamic utility and content,mapped,confirmed_with_gaps,"Large prayer, Quran and content utility footprint",Broad utility navigation can dilute learning focus,Compete through a single daily lesson decision rather than utility breadth,https://www.islamicfinder.org/athan/
noor-world,Noor World,"K-12 Quran, Arabic and Islamic studies",mapped,confirmed_with_gaps,"Three curriculum tracks, levels, reports and school use",Adaptive individualization is not established publicly,Benchmark school reporting and age-banded curricula,https://noorworld.com/
busuu,Busuu,Language-learning benchmark,deep,confirmed_with_gaps,"Arabic depth, community feedback and non-Arabic placement limitation confirmed",Adaptive model details and reviewer qualification are not public,"Strong community-correction benchmark; Muslingo needs private, qualified Quran review instead of public peer correction",https://www.busuu.com/en/course/learn-arabic-online | https://help.busuu.com/hc/en-gb/articles/16526383831569-What-is-a-Placement-Test | https://www.busuu.com/en/english/personalized-study-plan-busuu-premium | https://business.busuu.com/hubfs/Admin%20Portal/Learners%20-%20self-paced%20learning%20and%201_1%20and%20group%20Live%20Lessons.pdf | https://help.busuu.com/hc/fr/articles/16722928943377-Comment-envoyer-mes-exercices-%C3%A0-la-communaut%C3%A9 | https://help.busuu.com/hc/de/articles/16498048476305-Was-ist-ein-Schutzschild-und-wie-kann-ich-es-nutzen | https://apps.apple.com/us/app/busuu-language-learning-app/id379968583 | https://www.busuu.com/en/terms/
duolingo,Duolingo,Language-learning benchmark,deep,confirmed_with_gaps,SRS model and Arabic course existence confirmed,Arabic-specific CEFR outcome and speech quality remain limited publicly,"Best benchmark for frictionless practice and memory scheduling, not Islamic content authority",https://blog.duolingo.com/how-we-learn-how-you-learn/ | https://blog.duolingo.com/spaced-repetition-for-learning/ | https://www.duolingo.com/course/ar/en/Learn-Arabic | https://investors.duolingo.com/static-files/f19d76fb-dee4-4f13-96ae-138ebfd0f2d3 | https://blog.duolingo.com/friends-social-features/ | https://blog.duolingo.com/plus-family-plan/ | https://blog.duolingo.com/tips-for-maintaining-streak/ | https://blog.duolingo.com/putting-in-work-the-habit-of-language-learning/ | https://apps.apple.com/us/app/duolingo-language-lessons/id570060128 | https://apps.apple.com/us/app/busuu-language-learning-app/id379968583
mango-languages,Mango Languages,Language-learning benchmark,deep,confirmed_with_gaps,"Conversation, culture and library-access model confirmed","Adaptive algorithm, Arabic level depth and accessibility details are weakly public",Benchmark culturally grounded dialogue and equitable library distribution,https://mangolanguages.com/ | https://www.mangolanguages.com/k12/reporting | https://mangolanguages.com/wp-content/uploads/2022/12/Mango-Languages-Mango-Classroom-Overview.pdf
memrise,Memrise,Language-learning benchmark,deep,confirmed_with_gaps,"SRS, native video, voice-data handling and no-offline boundary confirmed",Arabic curriculum depth and AI scoring validity are not published,Excellent listen-use-review loop; Muslingo should avoid storing voice by default,https://www.memrise.com/about | https://www.memrise.com/blog/changes-to-the-memrise-app | https://www.memrise.com/privacy | https://www.memrise.com/es-mx/ | https://app.memrise.com/payment/plans/en-us | https://memrise.zendesk.com/hc/en-us/articles/360015973598-What-are-Streaks-and-how-do-they-work | https://apps.apple.com/us/app/memrise-language-learning-app/id635966718 | https://apps.apple.com/us/app/memrise-language-learning-app/id635966718?see-all=reviews
rosetta-stone,Rosetta Stone,Language-learning benchmark,deep,confirmed_with_gaps,"Speech toggle, feedback and audio companion confirmed",No Quranic phoneme validity or transparent adaptation model,"Benchmark user-controlled speech and multimodal input, not tajwid correctness",https://support.rosettastone.com/using-without-speech-feature/ | https://support.rosettastone.com/audio-companion-faq/ | https://www.rosettastone.com/radiorental | https://support.rosettastone.com/sapphire-learning-path/
lingoda,Lingoda,live classes plus adaptive practice,deep,confirmed + not found,Structured CEFR curriculum and AI-informed practice connected to classes [confirmed]; Post-class practice exists; SRS not confirmed [confirmed/not found]; Each lesson builds on prior curriculum; live classes plus app practice [confirmed],Cashback/strict attendance mechanics can create pressure and are unsuitable for worship-adjacent learning,Human escalation; teacher-led calibration; diagnostic before path; connected homework,https://www.lingoda.com/en/placement-tests/ | https://www.lingoda.com/en/english/
riwaq-al-quran,Riwaq Al Quran,live one-to-one Quran learning,deep,confirmed,"age, course range, evaluation and flexible wallet pricing are official",background checks; guardian observation; recording policy; progress-report schema,Muslingo should be honest that high-stakes tajwid belongs with teachers and offer exportable practice history before a live session,https://riwaqalquran.com/courses/recitation-with-tajweed | https://riwaqalquran.com/quran-for-kids/
quran-mobasher,Quran Mobasher,Live Quran teaching,deep,confirmed_with_gaps,Live qualified teaching purpose confirmed by official Maknon page,"Scheduling, safeguarding, assessment and language details not sufficiently public",Potential escalation/partnership model for cases AI must not certify,https://apps.maknon.org.sa/quran-mobasher | https://play.google.com/store/apps/details?id=maknoon.student
firdaws-academy,Firdaws Academy,"live Quran, Arabic and Islamic Studies",deep,confirmed,"role portals, family dashboard, course list, reporting and current terms are official",background checks; child consent; recording retention; exact family discount; incident workflow,"use Muslingo placement to prepare students and produce a concise error report for a Firdaws-style tutor, with partnership rather than substitution",https://firdawsacademy.com/|https://firdawsacademy.com/new-academy-portal/|https://firdawsacademy.com/terms-and-conditions-of-firdaws-academy/|https://portal.firdawsacademy.com/login
studio-arabiya,Studio Arabiya,"live Quran, Arabic and Islamic Studies",deep,confirmed,"portal, courses, live teachers, progress and starting price are official",teacher vetting evidence; child session recording policy; family discount; response SLA,Muslingo can be the between-class practice layer and escalate repeated uncertain errors to a booked human review,https://studioarabiya.com/home/|https://support.studioarabiya.com/portal/en/kb/articles/courses-that-we-offer
ummah-hub,Ummah Hub,Local-community Islamic superapp,deep,confirmed with gaps,confirmed: Quran with last-read resume and audio improvements; depth not fully found; not found,community-directory differentiation with global worship basics; not a learning platform,Orange County directory focus limits direct global comparison.,https://apps.apple.com/us/app/ummah-hub/id6745749060
khan-academy,Khan Academy,Mastery-learning benchmark,deep,confirmed_with_gaps,Mastery-state and teacher-dashboard model confirmed,Not evidence for religious/language content design,Benchmark authoritative skill-state transitions and evidence thresholds,https://support.khanacademy.org/hc/en-us/articles/115002552631-How-does-Khan-Academy-s-Mastery-system-work | https://support.khanacademy.org/hc/en-us/articles/360007253831-Using-self-paced-practice-and-Mastery-in-the-classroom | https://www.khanacademy.org/khan-for-educators/teacher-toolbox/getting-started-teacher-training-us/implementation-strategies-us/classroom-strategies/a/using-khan-academy-for-personalized-practice-and-mastery | https://blog.khanacademy.org/meet-the-new-khan-academy-classroom-experience/ | https://support.khanacademy.org/hc/en-us/articles/360031129891-What-reporting-options-are-available-on-Khan-Academy-for-teachers-to-track-student-performance
ayaquest,AyaQuest,meaning-first Quran app for kids,deep,confirmed,"scope limits, pricing, parent visibility and AI guardrails are unusually explicit",independent safety evaluation; Android; scholar identities; long-term child-data retention,"Muslingo should match transparent AI boundaries, then add listen-first recitation, uncertainty labels and optional teacher escalation",https://ayaquest.ai/|https://ayaquest.ai/parents|https://ayaquest.ai/faq|https://ayaquest.ai/for-madrasahs|https://ayaquest.ai/quran-app-without-ads
jawhar,Jawhar,memorization with understanding,deep,confirmed Play features/privacy declaration; not found AI method; inference on competitive overlap,"rare integration of hifz, meaning, Warsh and structured review","no speech feedback, diagnostic or published learning validation","Muslingo must exceed this with pronunciation repair and source-visible interactive lessons, not merely match the daily plan",https://play.google.com/store/apps/details?id=com.alphafoundr.jawhar | https://jawhar.alphafoundr.com/privacy
anki,Anki,Memory-system benchmark,deep,confirmed_with_gaps,Scheduler architecture and local-first operation confirmed,No curriculum quality control or objective grading,Best technical benchmark for item-level memory state; Muslingo needs stricter content and outcome models,https://docs.ankiweb.net/background.html | https://docs.ankiweb.net/deck-options.html | https://apps.ankiweb.net/ | https://docs.ankiweb.net/syncing.html | https://docs.ankiweb.net/importing/intro.html | https://docs.ankiweb.net/exporting.html
quran-your-companion,Quran Your Companion,Minimal Quran reader,deep,confirmed with trust limitation,"confirmed: reader, audio, translations, tafsir, bookmarks, offline and lock-screen controls; not found",very lightweight reader; source trust gap is strategically material,"New, small app; inclusion illustrates low-cost reader commoditization.",https://apps.apple.com/us/app/quran-your-companion/id6760555511
alifbee,AlifBee,MSA and Quranic Arabic,deep,confirmed_with_gaps,"Placement, SRS, depth, four skills and teacher-supported option confirmed",No Quran recitation validity and no public disability-accessibility audit,"Depth benchmark: Muslingo Arabic needs level outcomes and transfer tasks, not just lesson count",https://www.alifbee.com/en | https://help.alifbee.com/hc/en-us/articles/9421698273821--Placement-test | https://store.alifbee.com/products/alifbee-premium | https://www.alifbee.com/en/price-page | https://store.alifbee.com/collections/alifbee-premium-subscriptions | https://help.alifbee.com/hc/en-us/articles/10240815640093--How-much-does-AlifBee-Kids-cost
quranpal,QuranPal,"multi-path Quran, prayer and Arabic learning",deep,confirmed listing claims; not found operational proof; inference on execution gap,strong holistic proposition and calm anti-guilt positioning,"many future-scale claims in a low-download new app; no public curriculum, speech or reviewer evidence",Muslingo needs to prove the same integrated promise through a real diagnostic result and visible source/reviewer metadata,https://play.google.com/store/apps/details?id=com.synergisgt.quranpal | https://quranpal.app/terms-and-conditions
one4kids-tv,One4Kids TV,music-free Islamic streaming,deep,confirmed,"current membership page documents price, devices, downloads and content policy",child profiles; progress; age controls; review governance; data deletion,offer a free Quran-level check to convert entertainment intent into a daily learning plan without attacking music-policy preferences,https://one4kids.tv/pages/home-2060|https://one4kids.tv/join|https://one4kids.net/one4kids-tv-landing-page/
new-muslim-academy-uk,New Muslim Academy UK,new Muslim courses and community,deep,mixed,course counts and learning path are on official site,active app links; price; moderation; teacher credentials; data policy,Muslingo should pair structured Quran practice with local community referrals and a visible 'ask a specialist' route,https://newmuslim.co.uk/
newmuslims-com-new-muslims-app,NewMuslims.com / New Muslims app,new Muslim e-learning,deep,confirmed,"level structure, quiz progression, app update and data-safety declaration are official",human escalation; content review dates; age policy; iOS; personalization,"offer import by level self-assessment, compress known material and provide a daily plan with trusted source cards",https://www.newmuslims.com/|https://play.google.com/store/apps/details?id=com.newmuslims.sa.nmapp
iera-muslim-now-new-muslim-training,iERA Muslim Now / New Muslim Training,new Muslim education and mentorship,deep,confirmed,"structured course, human mentor lane and age/consent gate are official",mentor vetting and matching controls; response SLA; current language coverage,"Muslingo should detect new-Muslim goals, provide a first-week essentials plan and hand off sensitive questions to vetted local support",https://newmuslim.iera.org/|https://newmuslim.iera.org/courses/|https://newmuslim.iera.org/learn-about-islam/
new-muslim-academy,New Muslim Academy,new Muslim structured learning,deep,mixed,course sequencing and live/community elements are official,mentor assignment model; moderation SLA; age/safeguarding; completion evidence,Muslingo should create a low-pressure new-Muslim route with optional local mentor referral and avoid overwhelming users with the full catalog,https://www.newmuslimacademy.org/ | https://www.newmuslimacademy.org/our-courses/ | https://www.newmuslimacademy.org/faq-section/
first-steps-in-islam,First Steps in Islam,New-Muslim learning,deep,confirmed,"Daily step-by-step fundamentals, Quran/tafsir, seerah, duas and mentor Q&A; Daily guidance; no XP/streak evidenced",AI mentor safety and handling of differences of opinion are not publicly detailed,Benchmark for new-Muslim scope and offline essentials,https://apps.apple.com/us/app/first-steps-in-islam/id6760339053
memorize-quran-hifz-app,Memorize Quran - Hifz App,offline flashcard hifz,deep,confirmed store claims; privacy details not found; inference on limitations,simple offline active-recall loop,"self-rating only; no meaning curriculum, speech verification or teacher input",Muslingo can provide the same low-friction offline review with evidence-based scoring and richer instruction,https://play.google.com/store/apps/details?id=com.memorizequran.app
deen-in,Deen.in,Offline privacy-first Islamic superapp,deep,confirmed as publisher claims,"confirmed: 604-page Mushaf, 490+ translations claim, word-by-word, 25+ reciters, repeat and Hifz progress; confirmed: Learn Islam guides; formal Academy not found",very broad offline utility with privacy differentiation; claims need independent source audit,New product; large content counts are publisher claims.,https://apps.apple.com/us/app/deen-in/id6762373869
wird-quran-companion,Wird - Quran Companion,Offline privacy-first Quran companion,deep,confirmed,"confirmed: official Madinah Mushaf, background/lock audio, recitation highlight and offline; not found","focused, trust-forward companion with strong offline execution and minimal ecosystem breadth","Requires iOS 26 in current listing, limiting addressable devices.",https://apps.apple.com/us/app/wird-quran-companion/id6791257820
hifz-ai-hifzai-app,Hifz AI (hifzai.app),on-device AI hifz tester,deep,confirmed vendor claims; not found independent validation/pricing; inference on credibility gap,"offline positioning, script choice and focused hifz loop",strong tajwid/pronunciation claims without public validation details,Muslingo can be more credible by splitting text match from probable phoneme/tajwid signals and publishing test coverage,https://hifzai.app/about | https://hifzai.app/quran-memorization-app | https://hifzai.app/privacy-policy
openlearn-arabic,OpenLearn Arabic,Open education benchmark,mapped,confirmed_with_gaps,Free university-authored beginner Arabic material,No mobile adaptive engine,Use open resources only under their exact licenses and add active practice,https://www.open.edu/openlearn/education-development/introduction-arabic
quran-for-android,Quran for Android,Open-source Quran reader,deep,confirmed,"confirmed: Quran reading, translations, audio and related reader capabilities; not found","focused reader, not superapp",Privacy page covers several Quran.com Android apps.,https://github.com/quran/quran_android | https://android.quran.com/ | https://android.quran.com/privacy.html
beelinguapp,Beelinguapp,parallel-text reading and listening,deep,confirmed + inference + not found,Content spans levels; adaptive recommendation model not found [confirmed/not found]; Glossary flashcards; SRS not confirmed [confirmed/not found]; Read translation in parallel while listening; quiz after story [confirmed],Do not use copyrighted or unverified translations; parallel text cannot substitute tafsir,Synchronized ayah audio/text/translation; story-level comprehension; adjustable scaffolding,https://beelinguapp.com/
muslim-homeschool-app,Muslim Homeschool App,parent coaching and homeschool support,deep,mixed,"scope, platform and parent-centered program are in official App Store listing",price; data practices; community moderation; child profiles,"Muslingo onboarding can ask parents for available time and confidence, then produce a realistic family routine instead of only testing the child",https://apps.apple.com/us/app/muslim-homeschool-app/id1614411646
tandem,Tandem,peer language exchange,deep,confirmed + inference + not found,"Partner matching uses language, location and interests; no curriculum [confirmed]; No SRS confirmed [not found]; Learner-directed conversation [confirmed]","Open peer contact is high-risk for minors, privacy and unqualified religious guidance",Moderated application; partner matching; in-context corrections,https://tandem.net/ | https://tandem.net/en/pages/faq
muslim-pillars,Muslim Pillars,Prayer and Quran companion,deep,confirmed with gaps,confirmed: Quran reading mode and reading streak protection; reader depth not fully found; not found,focused prayer/Quran utility with modern system-surface execution,Evidence limited to official storefront metadata and release notes.,https://apps.apple.com/us/app/muslim-pillars-salah-quran/id1529761608
salah-learn-how-to-pray,Salah - Learn How to Pray,Prayer instruction,deep,confirmed,"Step-by-step salah and wudu with audio, illustrations, transliteration, translation and autoplay; Guided completion; no XP or streak evidenced","No retrieval practice, assessment or demonstrated correction loop",Strong transparency benchmark for madhhab scope and humble safety language,https://apps.apple.com/us/app/salah-learn-how-to-pray/id6771000609
prayer-teacher,Prayer Teacher,Prayer instruction and tracker,deep,inference,"Step-by-step daily prayers and wudu with audio, visual guidance and adjustable speed; Prayer tracker and consistency insights; no game economy evidenced",Tracks behavior more than learning; no test or correction of understanding,"Benchmark for private, on-device practice records and source transparency",https://apps.apple.com/us/app/prayer-teacher-learn-salah/id6761936320
learn-salah-prayer-guide,Learn Salah - Prayer Guide,Prayer learning and habit,deep,not found,"Video/audio walkthroughs, layered Arabic/transliteration/translation, quizzes and offline practice; Streak; freeze; Hasanat goal; XP; leagues; friends; badges; seasonal bonuses",Many engagement mechanics surround worship; pedagogical and jurisprudential governance is unclear,"Benchmark for guided ritual learning and offline mode, not for religious authority",https://apps.apple.com/us/app/learn-salah-prayer-guide/id6759625943
iquran,iQuran,Premium Quran reader,deep,confirmed,"confirmed: tajwid, verse/word translation, recitation, bookmarks, notes, tags and advanced search; not found",focused mature reader with low monetization pressure; no guided learning path,Availability and features reflect US App Store snapshot.,https://apps.apple.com/us/app/iquran-%D8%A7%D9%84%D9%82%D8%B1%D8%A2%D9%86-%D8%A7%D9%84%D9%83%D8%B1%D9%8A%D9%85/id285944183 | https://apps.apple.com/us/developer/beehive-innovations-services/id285944186
gardens-of-the-quran,Gardens of the Quran,privacy-first full hifz and recitation system,deep,confirmed store claims; not found independent validation/licensing details; inference on threat level,"strongest new combination of SRS, multiple riwayat, local privacy and frictionless sync",high speech/tajwid claims without validation; Android-only evidence; source/licensing details require diligence,"Muslingo must beat it through trusted diagnostic pedagogy, visible sources, teacher review and Russian/Kazakh depth, not by feature count",https://play.google.com/store/apps/details?id=com.kalimalabs.riyadhquran
muslim-global,Muslim Global,Privacy-first Islamic superapp,deep,confirmed as publisher claims,"confirmed: Quran reader, continuous audio, tajwid premium, reciters, search and bookmarks; not found",notable benchmark for a simple adaptive completion plan without full learning engine,Storefront currently exposes the product under Ummah naming in Switzerland.,https://apps.apple.com/ch/app/ummah-prayer-quran/id6761806544
salam-app,Salam App,Privacy-first Islamic superapp,deep,confirmed,"confirmed: offline Quran, multiple modes, search, word-by-word, tajwid, tafsir, downloadable audio and bookmarks; not found: structured Academy",very broad free utility set with privacy as primary differentiation; guided mastery remains thin,App Store privacy claims are developer-declared and not independently verified by Apple.,https://apps.apple.com/us/app/salam-app-muslim-companion/id1629159763 | https://www.salam.app/privacy-policy
deen-quran-hadith-duas,"Deen - Quran, Hadith, Duas",Privacy-first knowledge superapp,deep,confirmed,"confirmed: Quran audio, 23 languages, search, auto-scroll, notes, offline and topic exploration; not found: sequential Academy",strong trust/privacy/content combination; lacks adaptive assessment and speech,Relevant benchmark for account-optional sync and calm reading.,https://apps.apple.com/us/app/deen-quran-hadith-duas/id1616229199 | https://www.deen.app/
pillars,Pillars,Privacy-first prayer app,deep,confirmed,confirmed absent: official FAQ says no Quran feature is planned; not found,narrow and polished prayer focus; useful counterexample to feature-bloated superapps,Official FAQ explicitly recommends Tarteel instead of adding Quran.,https://www.thepillarsapp.com/ | https://www.thepillarsapp.com/privacy | https://apps.apple.com/us/app/pillars-prayer-times-qibla/id1559086853 | https://thepillarsapp.com/privacy | https://thepillarsapp.com/faqs | https://www.thepillarsapp.com/faqs
athan-utility,Athan Utility,Privacy-first prayer utility,deep,confirmed,confirmed absent: no Quran reader listed; not found,excellent narrow utility and privacy benchmark; not a Quran-learning competitor,Included to test whether focus can beat breadth on trust and polish.,https://apps.apple.com/us/app/athan-utility/id1076108131
huda,HUDA,Privacy-oriented Islamic utility,deep,confirmed with gaps,confirmed: Quran reading; depth/audio/search details limited; not found,simple utility positioned as cleaner alternative to larger superapps,Do not infer privacy beyond storefront disclosure.,https://apps.apple.com/us/app/huda-prayer-times-al-quran/id1483923871
islam360,Islam360,Quran and Hadith knowledge superapp,deep,confirmed with privacy limitation,"confirmed: Quran/Hadith search, multiple translations/tafsirs, word-by-word and audio tafsir; inference: knowledge exploration is extensive; sequential Academy not found","very broad reference/search product, not a coached learning journey",Privacy evidence is incomplete and should not be treated as zero collection.,https://apps.apple.com/us/app/islam-360/id1498989420 | https://theislam360.com/
alhuda-online,AlHuda Online,Quran and Islamic studies courses,mapped,confirmed_with_gaps,Instructor-led course catalogue and learning features,Not a lightweight daily adaptive app,Partner or link for deep study after Muslingo foundations,https://alhudaonline.org/online-courses
quran-pro,Quran Pro,Quran audio ecosystem,deep,confirmed,"confirmed: many reciters, playlists, offline audio, translation, tafsir, bookmarks and fullscreen reader; not found",audio-first depth and device reach; weak evidence for learning assessment,Store copy contains conflicting free/unlimited and premium wording; packaging should be rechecked in-app.,https://apps.apple.com/us/app/quran-pro-%D8%A7%D9%84%D9%82%D8%B1%D8%A7%D9%86-%D8%A7%D9%84%D9%83%D8%B1%D9%8A%D9%85/id537070378
quranly,Quranly,Quran habit,deep,confirmed_with_gaps,Habit mechanics and privacy terms confirmed,No evidence of recall scheduling or learning outcome assessment,"Use its low-friction daily goal mechanics, not its reward counters as mastery evidence",https://www.quranly.app/ | https://www.quranly.app/privacy-policy | https://play.google.com/store/apps/details?id=com.quranly.app | https://www.quranly.app/blog/quranly-everything-you-need-to-know | https://apps.apple.com/us/app/quran-by-quranly/id1559233786
qariah,Qariah,Quran listening,deep,confirmed_with_gaps,Reciter qualification and listening features confirmed,"No mastery, diagnostic or speech feedback model",Use as a representation and exemplary-audio benchmark,https://qariah.app/
hifz,HIFZ,Quran memorization,deep,confirmed_with_gaps,"Workflow, deletion and teacher boundary confirmed","Speech validity, intervals, accessibility and child safety remain underdocumented",Strong model for a traditional review queue and honest AI limitations,https://gethifz.com/ | https://gethifz.com/support
mualim,Mualim,Quran memorization,deep,confirmed_with_gaps,Mismatch-versus-tajwid boundary and feature set confirmed,No independent speech benchmark or child-safety evidence,Copy its precise non-tajwid wording and flexible memorization methods,https://mualim-app.com/en | https://apps.apple.com/us/app/mualim-master-the-quran/id6471001108
sadr,Sadr,Quran memorization,deep,confirmed_with_gaps,"SRS, voice architecture and personalization claims confirmed in current terms","No published accuracy study, child controls or curriculum map",Useful privacy-first architecture benchmark; do not infer phonetic quality from verse recognition,https://sadr.app/ | https://sadr.app/terms | https://sadr.app/privacy | https://apps.apple.com/us/app/sadr-quran-memorization/id6762648928 | https://sadr.app/?lang=en | https://sadr.app/support-us
tarteel,Tarteel,Quran memorization and recitation,deep,confirmed_with_gaps,Feature set and limits confirmed by official help center,"Independent efficacy benchmark, tajwid phoneme validity and child safeguards not published","Best benchmark for error-directed hifz, but Muslingo should keep explicit teacher boundary",https://support.tarteel.ai/en/collections/15105266-tarteel-features | https://support.tarteel.ai/en/articles/12267535-can-i-use-tarteel-for-free | https://tarteel.ai/privacy | https://tarteel.ai/en/pricing | https://support.tarteel.ai/en/collections/15105282-troubleshooting-and-support | https://tarteel.ai/ | https://apps.apple.com/us/app/tarteel-ai-quran-memorization/id1391009396 | https://support.tarteel.ai/en/articles/12414382-groups-and-leaderboards | https://support.tarteel.ai/en/articles/12414408-how-to-add-an-off-platform-session | https://support.tarteel.ai/en/articles/16557351-testing-faqs | https://tarteel.ai/en/family | https://support.tarteel.ai/en/collections/15105269-subscriptions-and-billing | https://apps.apple.com/us/app/tarteel-ai-quran-memorization/id1391009396?see-all=reviews | https://apps.apple.com/us/app/tarteel-ai-quran-memorization/id1391009396?platform=iphone&see-all=reviews
tatbith,Tatbith,Quran memorization and revision,mapped,emerging,Traditional memorization flow and balance between new material and revision,Young product with limited public operating evidence,Model the daily balance of new memorization and old review,https://www.tatbith.app/
hifz-ai,Hifz AI,Quran memorization and speech,mapped,confirmed_with_gaps,Arabic-first AI memorization and smart recitation mode,Public validation and governance detail are limited,Treat Arabic-first onboarding and offline practice as regional benchmarks,https://hifzai.app/ar
tasmi,Tasmi,Quran memorization and teacher companion,deep,confirmed_with_gaps,Family and tutor positioning with recitation feedback between lessons,Public evidence for independent speech validity remains limited,Add teacher-visible attempts and make automated feedback subordinate to qualified review,https://www.tasmi.app/
quran-academy,Quran Academy,Quran memorization and word-level study,mapped,confirmed_with_gaps,Structured memorization platform with Quran study tooling,Current feature and pricing boundaries require checkout validation,"Benchmark word-level study, but keep the daily plan simpler",https://quranacademy.io/
hifzmate,HifzMate,Quran memorization utility,mapped,emerging,Community-built memorization and tajwid practice,Small product and incomplete public evidence,Watch emerging tools for focused workflows without copying content,https://hifzmate.com/
quran-explorer,Quran Explorer,Quran reader,deep,confirmed,"confirmed: scripts, scholar-proofread translation, audio, highlighting, bookmarks and navigation; not found","focused, established reader with limited learning/retention mechanics",Publisher claims scholarly proofreading.,https://apps.apple.com/us/app/quran-explorer/id451133186 | https://www.quranexplorer.com/
quran-majeed,Quran Majeed,Quran reader,deep,confirmed_with_gaps,"Proofreading, reader tools and repeat controls confirmed","No curriculum, adaptive path or outcome evidence","Benchmark robust reader/audio controls, not course design",https://pakdata.com/products/quran-majeed/ | https://pakdata.com/privacy-policy/ | https://apps.apple.com/us/app/quran-majeed-%D8%A7%D9%84%D9%82%D8%B1%D8%A7%D9%86-%D8%A7%D9%84%D9%83%D8%B1%D9%8A%D9%85/id365557665 | https://apps.apple.com/us/app/id365557665?see-all=reviews | https://apps.apple.com/qa/app/quran-majeed-the-holy-quran/id365557665 | https://apps.apple.com/us/app/quran-majeed-%D8%A7%D9%84%D9%82%D8%B1%D8%A7%D9%86-%D8%A7%D9%84%D9%83%D8%B1%D9%8A%D9%85/id365557665?see-all=reviews
ayat,Ayat,Quran reader and study,mapped,confirmed_with_gaps,University-backed Quran reading and study tooling,Adaptive lesson workflow is not core,Prefer trusted data and clear provenance over proprietary copies,https://quran.ksu.edu.sa/ayat/
quran-majeed-by-ird-foundation,Quran Majeed by IRD Foundation,Quran reader and study,deep,mixed,confirmed: immediate reader and beginner-friendly Qaida; no formal diagnostic located; not_found; not_found: no teacher/community layer located,Official Google Play page accessed 2026-09-11.,"Offer a respectful import for user-owned Quran progress where formats are documented, with preview and consent. Never scrape another app's private store.",https://play.google.com/store/apps/details?id=com.ihadis.quran
quran-com,Quran.com,Quran reader and study,deep,confirmed_with_gaps,"Content, API, offline and privacy architecture confirmed","No graded curriculum, speech grading or mastery validation","Use as trusted Quran data substrate, not as a substitute for Muslingo pedagogy",https://quran.com/ | https://quran.com/privacy | https://api-docs.quran.com/docs/tutorials/content-sync/getting-started/ | https://api-docs.quran.com/ | https://quran.com/apps | https://quran.com/en/product-updates/new-study-mode-on-quran-com | https://api-docs.quran.com/docs/connected-apps/ | https://api-docs.quran.com/docs/tutorials/oidc/mobile-apps/ | https://api-docs.quran.com/docs/category/user-related-apis-1.0.0/
al-quran-tafsir-by-word,Al Quran (Tafsir & by Word),Quran study reader,deep,confirmed,"confirmed: 170+ translations/tafsirs, word roots and morphology, search, 80+ reciters, repeat, tajwid, notes and offline; inference: rich study tools, but no sequential Academy found",deepest free study reader in sample; little evidence of adaptive assessment,"Strong benchmark for source breadth, search and Quranic Arabic inspection.",https://apps.apple.com/us/app/al-quran-tafsir-by-word/id1437038111 | https://gtaf.org/apps/quran/
quran-companion,Quran Companion,Quran super-app with gamified hifz; legacy product was memorization-focused,deep,confirmed current Play listing; legacy availability not found; inference on focus advantage,broad utility and language coverage,brand/name ambiguity; shallow public evidence for learning outcomes and SRS,"Muslingo can win through a focused, inspectable daily learning path instead of a generic tool bundle",https://www.qurancompanion.com/ | https://play.google.com/store/apps/details?id=com.qurancompanion.app | https://apps.apple.com/us/app/quran-companion-memorize-quran/id1111843462
qutor,Qutor,Quran tutor marketplace,deep,mixed,"marketplace scale, free trial time and classroom tools are official",current vetting standard; child safety controls; dispute process; session recording; average price,"Muslingo can generate a portable learner profile and help users choose when a human tutor is needed, without becoming an unmoderated marketplace",https://qutor.com/
muslim-pro,Muslim Pro,"Quran, faith and media",deep,confirmed_with_gaps,"Memorization states, classes, age terms and privacy practices confirmed","No public mastery validity, current parental-control completion or SRS details",Breadth is not Muslingo's target; copy transparent maturity and data-use disclosures,https://www.muslimpro.com/academy-islamic-courses/ | https://support.muslimpro.com/hc/en-us/articles/29158808395289-Quran-Learn-Memorisation | https://support.muslimpro.com/help/en/articles/privacy-policy | https://apps.apple.com/us/app/muslim-pro-quran-athan/id388389451 | https://support.muslimpro.com/hc/en-us/articles/49726715851545-Guide-to-the-Updated-and-Enhanced-App | https://support.muslimpro.com/help/en/articles/community-ummah-pro | https://support.muslimpro.com/help/en/articles/quest-and-stars | https://apps.apple.com/us/app/muslim-pro-quran-athan/id388389451?see-all=reviews
arabic-unlocked,Arabic Unlocked,Quranic Arabic,deep,confirmed_with_gaps,Current mechanics and price boundary confirmed,Adaptive algorithm and learning effectiveness are not independently specified,Benchmark the bridge from app habit to paid teacher depth,https://arabicunlocked.com/ | https://arabicunlocked.com/academy/ | https://arabicunlocked.com/terms/
quranic,Quranic,Quranic Arabic,deep,confirmed_with_gaps,"Curriculum model, pricing and offline review confirmed","No speech, teacher review or published efficacy benchmark",Closest direct benchmark for Quranic-Arabic microlearning and retrieval,https://www.getquranic.com/learners/ | https://www.getquranic.com/pricing/ | https://www.getquranic.com/terms/ | https://play.google.com/store/apps/details?id=com.pnw.quranic.quranicandroid | https://apps.apple.com/us/app/quranic-quran-arabic-learning/id1381145375?see-all=reviews
bayyinah-tv,Bayyinah TV,Quranic Arabic and tafsir,deep,confirmed_with_gaps,Depth and pricing confirmed by official pages,Learning-outcome assessment and source metadata are uneven,"Best meaning/explanation benchmark, but Muslingo must add retrieval and mastery evidence",https://www.bayyinahtv.com/index | https://explore.bayyinahtv.com/arabic/ | https://bayyinah.com/terms-and-conditions/ | https://explore.bayyinahtv.com/arabic-resources/
understand-al-quran-academy,Understand Al Quran Academy,"Quranic Arabic, reading and tajwid",deep,confirmed_with_gaps,Curriculum breadth and teacher resources confirmed,No published adaptive engine or speech benchmark,Useful source and sequencing partner candidate; licensing must be explicit,https://understandquran.com/ | https://understandquran.com/courses/learn-tajweed-the-easy-way/ | https://understandquran.com/online-madrasah/ | https://understandquran.com/our-mobile-apps/
quizlet,Quizlet,Retrieval-practice benchmark,deep,confirmed_with_gaps,Child restrictions and non-assessment boundary confirmed,Content quality and SRS specifics vary,Child-account restrictions are a concrete model for Muslingo; never treat exposed-answer quizzes as certification,https://help.quizlet.com/hc/articles/360029923632/ | https://help.quizlet.com/hc/en-au/articles/360030640912-Student-activity-data | https://quizlet.com/features/learn | https://quizlet.com/features/study-modes | https://quizlet.com/features/ai-study-tools | https://help.quizlet.com/hc/en-us/sections/360005877232-Accessing-and-sharing | https://help.quizlet.com/hc/en-au/articles/360035357412-Adding-sets-to-a-class
monthly-quran,Monthly Quran,scheduled hifz retention,deep,confirmed official store description; inference on fixed-schedule limit,extremely transparent schedule and privacy,fixed intervals are not response-adaptive; no objective assessment,Muslingo can offer a similarly understandable plan that adapts using observed recall and error recurrence,https://play.google.com/store/apps/details?id=com.monthlyquran.app
deenyou,Deenyou,Scholar-reviewed Islamic learning for kids,deep,confirmed,"Five-minute lessons, stories and Echo recitation mode; Streak; XP; seasonal events","Claims about 40,000 families and review rigor were not independently verified",Benchmark for parent-visible AI audit trail and gentle speech feedback,https://deenyou.com/
qalam-institute,Qalam Institute,Seerah and faith learning,deep,confirmed_with_gaps,Named content and long-form depth confirmed,No mastery analytics or item-level assessment,Audio narrative benchmark; Muslingo should convert stories into retrieval tasks with citations,https://www.qalaminstitute.org/seerah/ | https://www.qalam.institute/online-class-recordings | https://www.qalam.institute/terms-conditions | https://www.qalam.institute/links
hifz-musaa-id,Hifz Musaa'id,serious audio repetition and hifz coach,deep,confirmed official product/pricing/privacy; not found scheduler method; inference on complementarity,"excellent repetition controls, transparent future pricing, low-pressure design",no objective recitation checking; source/translation governance not prominent,Muslingo can add assessment and understanding while preserving the respectful low-pressure practice philosophy,https://www.hifzmusaaid.com/ | https://hifzmusaaid.com/privacy | https://play.google.com/store/apps/details?id=com.kagalwalas.hifzcompanion | https://apps.apple.com/us/app/hifz-musaaid-memorize-quran/id6767211882
hellotalk,HelloTalk,social language exchange,deep,confirmed + inference + not found,AI partner matching by goals/interests/schedule/level is claimed [confirmed]; No SRS confirmed [not found]; Conversation/community-led rather than guided curriculum [confirmed],"Feed dynamics, stranger contact, popularity metrics and unverifiable religious advice are unacceptable by default",Contextual human correction; interest matching; live practice,https://www.hellotalk.com/en/features | https://www.hellotalk.com/en/about
falou,Falou,speech-first language app,deep,confirmed + not found,"Course adapts to difficulties and weak spots [confirmed]; Customized review for long-term memory; algorithm not public [confirmed/not found]; Practical conversation, reading, listening, writing and speaking [confirmed]",Do not force unnatural slow recitation to satisfy ASR; failure must be separated from learner error,Speak early; weak-spot practice; realistic scenario framing,https://falou.app/ | https://falou.app/download-android
mosalingua,MosaLingua,SRS language learning,deep,confirmed + not found,"Personalized plan plus selection by needs and level [confirmed]; Core MOSALearning method uses spaced repetition at optimal times [confirmed]; Multi-stage listening, pronunciation, reading and writing [confirmed]",Credit scarcity must not interrupt required practice; imported media needs rights and source review,Human-authored plan; bounded AI minutes; combine SRS with expert checkpoints,https://academy.mosalingua.com/mosaweb/?lang=en&preferred=1 | https://academy.mosalingua.com/mosatraining-sales-page/?lang=en&preferred=1
noor-kids,Noor Kids,Story-led Islamic character curriculum,deep,confirmed,Relatable stories and guided character-building activities; Narrative identification and monthly continuity; game economy not central,"Strong identity learning but limited Quran reading, speech and adaptive review",Benchmark for age-appropriate contemporary scenarios and identity confidence,https://help.noorkids.com/support/solutions/articles/13000116903-character-building-program-curriculum | https://noorkids.com/products/treehouse | https://noorkids.com/collections/subscriptions/products/noor-kids-character-building-program-3 | https://help.noorkids.com/support/solutions/articles/13000117713-subscription-plans-pricing | https://apps.apple.com/in/app/noor-kids/id1462609720 | https://noorkids.com/
rocket-languages,Rocket Languages,structured audio language course,deep,confirmed + not found,"Smart review targets weak spots; exact algorithm not public [confirmed/not found]; Reinforcement activities and hard-phrase review [confirmed]; Interactive audio, language/culture, role-play and reinforcement [confirmed]",Leaderboard and binary scores should be opt-in; speech failure must never penalize learner,Listen-record-playback-retry; visible service failure; culture/context beside language,https://apps.apple.com/us/app/rocket-languages/id597293943 | https://www.rocketlanguages.com/pricing | https://www.rocketlanguages.com/blog/new-release-of-rocket-languages-on-desktop
babbel,Babbel,structured language learning,deep,confirmed + not found,"Course recommendations exist, but adaptation logic is not public [not found]; Review manager uses spaced repetition; errors return sooner, correct items less often [confirmed]; Expert-built lessons add vocabulary into Review [confirmed]",Do not copy unsupported fluency claims or treat vocabulary recall as Quran recitation mastery,Error-sensitive review scheduling; calm mastery-first tone,https://www.babbel.com/ | https://support.babbel.com/hc/en-us/articles/360037496932-Memorizing-vocabulary
qur-an-for-all,Qur'an for All,Structured lecture library,deep,confirmed,"Guided lecture series across Quran, tafsir, hadith, seerah, tajwid and duas; Continuation through organized series; no game mechanics evidenced",Primarily passive audio/lecture consumption rather than active retrieval,"Benchmark for broad, organized trusted content; Muslingo can add active practice",https://apps.apple.com/us/app/quran-for-all/id840190258
hifz-tracker,Hifz Tracker,student/parent/teacher progress tracker,deep,confirmed Play listing and data-safety declaration; inference on security/learning gap,clear administration for independent and classroom hifz,reported unencrypted data and no learning/recitation engine; teacher workflow depth unclear,Muslingo can replace manual tracking with integrity-protected automatic evidence and secure role-based dashboards,https://play.google.com/store/apps/details?id=com.hifztracker.app | https://hifztracker.com
noor-quran-companion,Noor - Quran Companion,Subscription Islamic learning app,deep,confirmed,"confirmed: Quran/Hadith grounding; full reader/audio depth not found; confirmed: guided journeys, bite-sized lessons, quizzes and visual progress","closest Duolingo-like Islam learning proposition in this sample, but not a full Quran recitation coach",Relevant adjacency for course-path UX and source-linked AI answers.,https://apps.apple.com/us/app/noor-quran-companion/id6751915818
deenup,DeenUp,Swipe-based Islamic learning,deep,confirmed,"Swipe through short lessons, answer quick quizzes and return daily; Daily streak and low-friction feed interaction",Feed behavior may encourage consumption more than cumulative mastery,"Useful benchmark for discovery, but Muslingo should keep a directed path",https://www.deenup.app/
tajweedmate,TajweedMate,Tajwid and recitation,deep,confirmed_with_gaps,"Offline audio handling, curriculum topics and opt-in donation confirmed","No independent model accuracy, dialect/age fairness or rule-level validation benchmark","Muslingo needs the same explicit recording consent, but stronger evaluation evidence",https://tajweedmate.com/ | https://tajweedmate.com/privacy.html | https://apps.apple.com/us/app/tajweedmate/id1547696689 | https://play.google.com/store/apps/details?id=com.tajweedmate.androidapp
learn-quran-tajwid,Learn Quran Tajwid,Tajwid curriculum,deep,confirmed_with_gaps,Topic count and Theory-Practice-Test loop confirmed,"Reviewer identities, assessment validity and accessibility not fully public","A strong minimum tajwid syllabus; Muslingo's 36 lessons need more transfer practice, not duplicate theory",https://tajwid.learn-quran.co/ | https://tajwid.learn-quran.co/id/faq/ | https://tajwid.learn-quran.co/privacy-policy/ | https://tajwid.learn-quran.co/terms-of-use/ | https://play.google.com/store/apps/details?id=com.bi.learnquran | https://apps.apple.com/us/app/learn-quran-tajwid/id960134803 | https://apps.apple.com/us/app/learn-quran-tajwid/id960134803?see-all=reviews
al-kisa-kisa-kids,Al-Kisa / Kisa Kids,teacher and parent curriculum,deep,confirmed,grade scope and teacher/student resource structure are official,digital analytics; parent progress; exact reviewer roster per module; interoperability,"Muslingo should disclose its own doctrinal/editorial scope, link sources and use licensed partnerships instead of silently blending traditions",https://us.alkisafoundation.org/collections/islamic-curriculum|https://uk.alkisafoundation.org/products/grade-kindergarten-teacher-edition|https://uk.alkisafoundation.org/products/quran-reading-grade-5
hifz-focus,Hifz Focus,teacher-guided hifz/tajwid for students and institutes,deep,confirmed teacher workflow; not found privacy/pricing; inference on partnership fit,strongest human-in-the-loop correction and role design,requires teacher/institution supply; thin public privacy/pricing/accessibility details,Muslingo can use this as escalation layer or partnership benchmark after automated practice identifies uncertainty,https://hifz.iqs.org.in/ | https://iqs.org.in/
quran-revolution,Quran Revolution,Teacher-led Quran recitation,deep,confirmed_with_gaps,Human feedback loop confirmed on official page,"Current curriculum inventory, price and safeguarding details are sparse",Benchmark the accountability of submitted recitation and specific teacher comments,https://easierquran.com/
hafiz-okulu,Hafiz Okulu,Turkish cyclical hifz school,deep,confirmed store claims; not found validation/privacy; inference on regional positioning,localized traditional Turkish method and similar-verse alerts,"no evidence for speech accuracy, privacy, teacher review or languages beyond Turkish","Muslingo can attract regional learners with multilingual support, transparent voice handling and flexible path selection",https://play.google.com/store/apps/details?id=com.hafizolrn
preply,Preply,tutor marketplace and learning platform,deep,confirmed + not found,"Tutor feedback, lesson insights and tailored exercise suggestions [confirmed]; Personalized vocabulary practice; exact SRS not found [confirmed/not found]; Live lesson, between-session practice, seven-unit progress test [confirmed]","Recording and analyzing recitation requires explicit consent, deletion and strict expert qualification",Expert escalation; post-session action list; learner-owned deletion of audio insights,https://preply.com/en/how-it-works | https://help.preply.com/en/articles/6655082-preply-placement-tests-assess-your-language-skills-track-your-progress-and-achieve-your-goals | https://help.preply.com/en/articles/10385861-lesson-insights
lingopie,LingoPie,Video immersion benchmark,mapped,confirmed_with_gaps,Dual subtitles and media-to-vocabulary loop,Content rights and Quran suitability are central constraints,Turn licensed audio/video into active tasks with source metadata,https://lingopie.com/
drops,Drops,visual vocabulary games,deep,confirmed + inference + not found,Topic and review tools exist; personalized path not demonstrated [not found]; Review Dojo reinforces learned vocabulary; exact schedule not public [confirmed/not found]; Five-minute visual game sessions [confirmed],"Time/battery gates that block learning, shallow picture guessing and vocabulary-only mastery are unsuitable",Ultra-low activation energy; polished microinteractions; visual mnemonic support,https://languagedrops.com/ | https://languagedrops.com/welcome | https://planblabs.zendesk.com/hc/en-us/articles/360012598660-What-s-the-difference-between-free-and-premium-subscriptions | https://apps.apple.com/us/app/drops-language-learning-games/id939540371
salahmate,SalahMate,Voice-guided prayer learning,deep,inference,"Practice and actual-prayer modes with voice recognition, animations, wudu and surah reading; Prayer tracking; progress; no robust game loop evidenced","High-risk live voice and AI-faith features lack public validation, scope and governance evidence",Useful interaction benchmark; Muslingo needs stricter claim boundaries and privacy detail,https://apps.apple.com/us/app/salahmate/id6754115719
hifzpath,HifzPath,voice-matched Quran memorization,deep,confirmed store claims; not found accuracy/pricing; inference on behavioral risk,simple live feedback and clear text-match framing,"leaderboard can reward quantity; no SRS, meaning, teacher review or public speech benchmark","Muslingo can combine similarly understandable feedback with spaced repair, meaning and private mastery instead of public volume competition",https://hifzpath.app/ | https://play.google.com/store/apps/details?id=com.hifzpath.app | https://hifzpath.app/privacy.html | https://hifzpath.app/terms.html
quran-widgets-verses-duas,Quran Widgets: Verses & Duas,Widget-led Islamic superapp,deep,confirmed,confirmed: Quran plus theme/category browsing; reader depth not fully found; not found,"broad lifestyle surface optimized for frequent glance exposure, not mastery",Strong benchmark for lock-screen acquisition and daily visibility.,https://apps.apple.com/us/app/quran-widgets-verses-duas/id6758387571
muslim-daily,Muslim Daily,Widget-led Islamic utility,deep,confirmed,confirmed: full Quran and audio; audio is Premium; not found,compact superapp centered on glanceable system surfaces,Exact subscription price not captured.,https://apps.apple.com/us/app/muslim-daily-quran-prayer/id6759206519
yaqeen-curriculum,Yaqeen Curriculum,Youth faith learning,deep,confirmed_with_gaps,"Age range, 3-5 lesson units, assessment and scholarly review confirmed",No longitudinal mastery system or child account controls,Governance and correction workflow should be copied before scaling faith content,https://yaqeeninstitute.org/curriculum | https://yaqeeninstitute.org/about-us/our-commitment-to-scholarly-rigor
