id,category,name,url,status,finalUrl,title,description,reuse,fetchedAt,fetchError
"quran-foundation-api","quran-data","Quran Foundation API","https://api-docs.quran.com/docs/api-reference/","200","https://api-docs.quran.com/docs/api-reference/","API Reference | Quran Foundation Documentation Portal","Choose the right Quran Foundation API reference for content, search, OAuth2, User APIs, and pre-live user API validation.","API terms and source-specific licenses apply","2026-09-10T18:26:32.033Z",""
"quran-foundation-connected-apps","quran-data","Quran Foundation Connected Apps","https://api-docs.quran.com/docs/connected-apps/","200","https://api-docs.quran.com/docs/connected-apps/","Connected Apps | Quran Foundation Documentation Portal","Partner and developer guide for Quran Foundation Connected Apps discovery, listing review, visibility, user consent, and responsible integration.","Approved endpoints or written license; attribution required","2026-09-10T18:26:34.208Z",""
"tanzil-text","quran-data","Tanzil Quran Text","https://tanzil.net/docs/Text_License","200","https://tanzil.net/docs/Text_License","Text License - Tanzil Documents","","CC BY 3.0; verbatim text only; attribution and update link required","2026-09-10T18:26:40.154Z",""
"quranenc","quran-translation","QuranEnc Translations","https://quranenc.com/en/home","200","https://quranenc.com/en/home","Encyclopedia of the Noble Quran","Encyclopedia of the Noble Quran","Edition-specific conditions; preserve attribution, version and text integrity","2026-09-10T18:26:51.720Z",""
"kfgqpc-audio","quran-audio","King Fahd Complex Recitations","https://qurancomplex.gov.sa/category/moratal/hafs/","","https://qurancomplex.gov.sa/category/moratal/hafs/","King Fahd Complex Recitations","","Verify the grant for each exact recording and retain source and reciter attribution","2026-09-10T18:27:02.225Z","fetch failed"
"quran-com","quran-reader","Quran.com","https://quran.com/","200","https://quran.com/","Read, Listen & Study the Noble Quran - Quran.com","Read the Quran in Arabic with translations, tafsir, word-by-word study, recitations, search, and reading tools for free in many languages at Quran.com...","Use Quran Foundation APIs and applicable content licenses","2026-09-10T18:27:07.583Z",""
"quranic-arabic-corpus","quranic-arabic","Quranic Arabic Corpus","https://corpus.quran.com/","200","https://corpus.quran.com/","The Quranic Arabic Corpus - Word by Word Grammar, Syntax and Morphology of the Holy Quran","","Verify corpus copyright and attribution before integration","2026-09-10T18:27:09.512Z",""
"tarteel","memorization","Tarteel","https://tarteel.ai/en/pricing","200","https://tarteel.ai/pricing","Pricing","Whether you’re starting your Quran memorization or trying to revise your hifz, Tarteel AI’s flexible pricing plans have been crafted to give you a boost at every stage of the journey!","Reference product behavior only; no content reuse without permission","2026-09-10T18:27:15.056Z",""
"tarteel-help","memorization","Tarteel Help Center","https://support.tarteel.ai/en/collections/15105266-tarteel-features","200","https://support.tarteel.ai/en/collections/15105266-tarteel-features","Tarteel Features | Tarteel Help Center","Guides explaining the Tarteel app&#x27;s features","Reference product behavior only","2026-09-10T18:27:21.568Z",""
"quranly","habit","Quranly","https://www.quranly.app/","200","https://www.quranly.app/","Quranly - The world","Transform your Quranic journey with Quranly, the world","Reference product behavior only","2026-09-10T18:27:24.350Z",""
"qariah","recitation","Qariah","https://qariah.app/","200","https://qariah.org/","Qariah - A Quran App for Our Daughters","Qariah translates to a woman Quran reciter. The app makes Qariah recitations easily accessible, featuring over 60 women from around the world.","Obtain permission for recitations and curriculum assets","2026-09-10T18:27:27.135Z",""
"madinah-arabic-reading","arabic-reading","Madinah Arabic Reading Course","https://madinaharabic.com/free-content/reading","200","https://madinaharabic.com/free-content/reading","Arabic Reading Course – Madinah Arabic","","Free access does not imply reuse; verify written terms","2026-09-10T18:27:28.645Z",""
"duolingo-writing-systems","pedagogy","Duolingo Writing Systems","https://blog.duolingo.com/learning-other-writing-systems/","200","https://blog.duolingo.com/learning-other-writing-systems/","Tools for learning to read other writing systems","We’ve got the tools to teach you Cyrillic, Hangeul, and eight other writing systems!","Reference pedagogy only","2026-09-10T18:27:30.581Z",""
"seekersguidance-academy","islamic-studies","SeekersGuidance Academy","https://academy.seekersguidance.org/?redirect=0&track=odc","403","https://academy.seekersguidance.org/?redirect=0&track=odc","Just a moment...","","Free enrollment does not imply redistribution; seek permission","2026-09-10T18:27:33.871Z",""
"seekersguidance-curriculum","islamic-studies","SeekersGuidance Curriculum","https://seekersguidance.org/articles/teaching/seekershub-steps-curriculum/","200","https://seekersguidance.org/articles/teaching/seekershub-steps-curriculum/","The SeekersGuidance Steps Curriculum Explained","The SeekersGuidance Steps Curriculum allows you to navigate your journey from an absolute beginner in the Islamic sciences to scholarship and mastery.","Reference structure; seek permission for course content","2026-09-10T18:27:35.778Z",""
"yaqeen-curriculum","islamic-studies","Yaqeen Curriculum","https://yaqeeninstitute.org/curriculum","200","https://yaqeeninstitute.org/curriculum","Islamic Curriculum | Yaqeen Institute for Islamic Research","Yaqeen Curriculum™ is scholar-approved, teacher-developed Islamic studies material covering principles of faith, ethics, and prophethood — designed for high school and middle school students in Islamic schools, weekend schools, and homeschools.","Proprietary teaching material; license or partnership required","2026-09-10T18:27:38.055Z",""
"bayyinah-tv","quranic-arabic","Bayyinah TV","https://bayyinahtv.com/","200","https://bayyinahtv.com/","Bayyinah TV","","Subscription content; partnership or license required","2026-09-10T18:27:39.969Z",""
"arabic101","tajwid-arabic","Arabic101","https://arabic101.org/","200","https://arabic101.org/","Arabic101 &#8211; The Official Website of Arabic101","","Reference public curriculum; request permission for assets or lesson reuse","2026-09-10T18:27:41.918Z",""
"understand-quran-terms","tajwid-rights","Understand Al-Quran Terms","https://understandquran.com/term-conditions/","200","https://understandquran.com/term-conditions/","Term Conditions - Understand Al Quran Academy","Menu Volunteers Blogs News Download Mobile Apps FAQs Policies Terms and Conditions Privacy Policy Privacy policy &ndash; Mobile Application Cancellation & Refund policy Login Login Logout Terms & Conditions Home > Terms & ConditionsOVERVIEWThis website is operated by Edusuite Solutions Private Limited. Throughout the site, the terms &ldquo;we&rdquo;, &ldquo;us&rdquo; and &ldquo;our&rdquo; refer to Edusuite Solutions Private Limited. Edusuite Solutions&hellip;","No copying or reproduction without written permission; clean-room authoring or a license required","2026-09-10T18:27:46.348Z",""
"memrise-arabic","arabic-language","Memrise Arabic","https://www.memrise.com/en/learn-arabic","200","https://www.memrise.com/en/learn-arabic","Learn Arabic Language with Memrise","Learn Arabic with Memrise: Discover vocabulary, pronunciation and listening practice and videos of native speakers using the Arabic language in context.","Reference pedagogy only","2026-09-10T18:27:55.412Z",""
"sajda","competitor","Sajda","https://sajda.com/","200","https://sajda.com/en","Accurate Prayer Times, Quran, Athan and Qibla Direction | Sajda","Get the most accurate Prayer (salah) times, Qibla direction for more than 5 million places.","Reference product behavior only","2026-09-10T18:28:00.160Z",""
"quran-revolution","tajwid","Quran Revolution","https://quranrevolution.com/","200","https://quranflow.org/","Quran Flow &#8211; Transform Your Connection, Perfect Your Recitation","A guided recitation program that helps busy adults read the Quran with flow and confidence, at your own pace, with a personal coach beside you.","Commercial curriculum; partnership or license required","2026-09-10T18:28:13.849Z",""
"quran-academy","memorization","Quran Academy","https://quranacademy.io/","200","https://quranacademy.io/","Quran Academy: Learn, Love & Live the Quran","At Quran Academy, we provide technology-based resources to help you connect and engage with the Quran daily in these modern times.","Verify current terms before any integration","2026-09-10T18:28:22.824Z",""
"youtube-arabic101","video-tajwid","Arabic 101 YouTube","https://www.youtube.com/@Arabic101","200","https://www.youtube.com/@Arabic101","Arabic 101","Want to learn Arabic/ Quran the right way? Do you want to be able to read AND understand the Noble Quran? Then you've come to the right place. Arabic 101 wil...","Embed/link under YouTube terms; do not download or repackage","2026-09-10T18:28:28.773Z",""
"youtube-bayyinah","video-quranic-arabic","Bayyinah Institute YouTube","https://www.youtube.com/@bayyinah","200","https://www.youtube.com/@bayyinah","Nouman Ali Khan - Official - Bayyinah","Connect Directly to the Words of Allah Beyond Translation.Go from simply hearing the beauty of the Quran to understanding, feeling and living its divine mess...","Embed/link under YouTube terms; do not download or repackage","2026-09-10T18:28:30.887Z",""
"youtube-yaqeen","video-islamic-studies","Yaqeen Institute YouTube","https://www.youtube.com/@yaqeeninstituteofficial","200","https://www.youtube.com/@yaqeeninstituteofficial","Yaqeen Institute","We’re a nonprofit on a mission to pioneer Islamic research in creative, cutting-edge formats tailored to meet people where they are. Our purpose is to move p...","Embed/link under YouTube terms; do not download or repackage","2026-09-10T18:28:32.505Z",""
"youtube-learn-quranic-arabic","video-quranic-arabic","Learn Quranic Arabic YouTube","https://www.youtube.com/@LearnQuranicArabic","200","https://www.youtube.com/@LearnQuranicArabic","LearnQuranicArabic","Learn Arabic and understand the Quran directly from the source, no translation needed. Our lessons are designed to be the most comprehensive, enjoyable, and ...","Embed/link under YouTube terms; do not download or repackage","2026-09-10T18:28:33.127Z",""
"youtube-madinah-arabic","video-arabic","Madinah Arabic Alphabet Video","https://www.youtube.com/watch?v=5g6QS67UsmQ","200","https://www.youtube.com/watch?v=5g6QS67UsmQ","Learn Arabic Alphabet by Madinah Arabic","Learn Arabic Alphabet video teaches you how each Arabic letter is written and pronounced along with an illustration of a word using that letter and guides on...","Embed/link under YouTube terms; do not download or repackage","2026-09-10T18:28:33.929Z",""
